order_id,customer_id,product_id,order_timestamp,price,quantity,order_total,order_status
111286,6429,292,2026-03-12 20:48:15,3399.68,5,16998.399999999998,Returned
111287,3623,413,2026-03-12 22:29:05,4005.24,0,0.0,Completed
111288,7706,3,2026-03-12 21:56:01,323.7,1,323.7,Returned
111289,1227,458,2026-03-12 02:13:26,1368.15,9,12313.35,Cancelled
111290,2507,296,2026-03-12 12:06:43,922.27,0,0.0,Completed
111291,9174,127,2026-03-12 22:37:29,3529.94,6,21179.64,Completed
111292,6876,127,2026-03-12 10:08:23,2337.53,3,7012.59,Returned
111293,5517,69,2026-03-12 00:24:24,3979.76,3,11939.28,Completed
111294,1049,378,2026-03-12 08:58:02,2720.73,0,0.0,Completed
111295,1042,74,2026-03-12 12:49:44,1462.2,1,1462.2,Returned
111296,6820,453,2026-03-12 12:58:40,3637.5,6,21825.0,Completed
111297,1488,491,2026-03-12 13:29:17,1260.19,8,10081.52,Cancelled
111298,1583,42,2026-03-12 09:15:44,243.71,2,487.42,Completed
111299,9454,299,2026-03-12 15:29:04,2134.84,8,17078.72,Returned
111300,6091,421,2026-03-12 18:36:08,4235.65,4,16942.6,Completed
111301,8679,215,2026-03-12 09:09:54,2321.97,8,18575.76,Returned
111302,8072,297,2026-03-12 18:42:13,2647.39,7,18531.73,Cancelled
111303,3571,298,2026-03-12 13:27:19,3941.92,2,7883.84,Returned
111304,2721,127,2026-03-12 13:19:22,4517.26,8,36138.08,Completed
111305,8,205,2026-03-12 13:58:42,1257.88,10,12578.800000000001,Cancelled
111306,2877,213,2026-03-12 08:05:48,1960.97,5,9804.85,Completed
111307,730,143,2026-03-12 19:50:45,3162.28,0,0.0,Cancelled
111308,9897,22,2026-03-12 21:44:02,1427.52,8,11420.16,Cancelled
111309,8000,96,2026-03-12 20:56:41,2031.36,7,14219.519999999999,Returned
111310,2460,390,2026-03-12 15:21:26,831.27,2,1662.54,Cancelled
111311,1180,436,2026-03-12 04:16:37,59.67,4,238.68,Returned
111312,1487,85,2026-03-12 09:24:25,3503.35,1,3503.35,Completed
111313,3093,117,2026-03-12 20:02:56,2211.34,9,19902.06,Cancelled
111314,337,317,2026-03-12 03:33:18,4748.49,9,42736.409999999996,Completed
111315,1252,465,2026-03-12 02:19:03,1524.15,5,7620.75,Cancelled
111316,1020,56,2026-03-12 19:21:21,3222.66,8,25781.28,Cancelled
111317,8744,400,2026-03-12 13:54:18,948.89,10,9488.9,Returned
111318,7730,306,2026-03-12 18:52:05,106.77,2,213.54,Completed
111319,6518,479,2026-03-12 11:59:38,2302.53,1,2302.53,Returned
111320,10342,38,2026-03-12 08:50:05,292.3,5,1461.5,Cancelled
111321,9673,401,2026-03-12 06:22:42,45.16,1,45.16,Completed
111322,1213,194,2026-03-12 13:32:12,1222.62,5,6113.099999999999,Returned
111323,3140,379,2026-03-12 22:57:28,4365.92,10,43659.2,Cancelled
111324,4526,464,2026-03-12 16:33:43,1148.77,3,3446.31,Completed
111325,10435,201,2026-03-12 02:58:36,3691.31,0,0.0,Cancelled
111326,7210,446,2026-03-12 02:55:41,1903.56,3,5710.68,Returned
111327,1030,214,2026-03-12 02:08:59,3200.12,0,0.0,Returned
111328,5454,203,2026-03-12 14:10:19,2389.95,5,11949.75,Cancelled
111329,87,432,2026-03-12 05:06:47,4009.93,0,0.0,Cancelled
111330,1922,500,2026-03-12 05:13:31,2485.45,8,19883.6,Completed
111331,2134,428,2026-03-12 09:28:27,1403.01,8,11224.08,Cancelled
111332,10268,197,2026-03-12 08:45:08,4434.95,8,35479.6,Returned
111333,8571,117,2026-03-12 13:39:08,2245.88,7,15721.16,Cancelled
111334,10320,182,2026-03-12 11:28:18,4247.19,4,16988.76,Cancelled
111335,401,439,2026-03-12 10:03:20,2962.17,7,20735.190000000002,Returned
111336,2286,258,2026-03-12 17:29:18,3678.04,1,3678.04,Completed
111337,6649,42,2026-03-12 14:40:31,216.74,9,1950.66,Returned
111338,9043,33,2026-03-12 20:01:08,4128.36,10,41283.6,Returned
111339,7095,347,2026-03-12 19:35:21,2186.71,4,8746.84,Cancelled
111340,2668,99,2026-03-12 08:11:39,3808.09,0,0.0,Completed
111341,9827,91,2026-03-12 06:23:53,4012.01,7,28084.07,Returned
111342,802,86,2026-03-12 03:21:24,1801.6,5,9008.0,Returned
111343,1053,204,2026-03-12 06:44:31,616.86,2,1233.72,Completed
111344,660,267,2026-03-12 06:00:14,4118.65,7,28830.549999999996,Cancelled
111345,2304,3,2026-03-12 08:45:19,2071.28,9,18641.52,Cancelled
111346,3033,385,2026-03-12 05:25:34,1396.99,1,1396.99,Returned
111347,4969,29,2026-03-12 18:47:59,343.33,2,686.66,Cancelled
111348,6150,231,2026-03-12 10:32:39,1542.12,9,13879.079999999998,Returned
111349,3735,299,2026-03-12 13:41:58,166.44,6,998.64,Completed
111350,7708,441,2026-03-12 21:12:40,197.57,5,987.8499999999999,Completed
111351,7700,448,2026-03-12 21:50:56,2990.51,10,29905.100000000002,Returned
111352,8852,464,2026-03-12 21:41:59,4869.39,8,38955.12,Completed
111353,5925,286,2026-03-12 19:57:10,554.12,1,554.12,Completed
111354,6912,226,2026-03-12 22:54:03,1002.91,5,5014.55,Cancelled
111355,4795,249,2026-03-12 04:39:36,1019.14,1,1019.14,Returned
111356,4358,213,2026-03-12 20:23:28,4894.14,8,39153.12,Cancelled
111357,6306,220,2026-03-12 00:27:15,1562.93,5,7814.650000000001,Returned
111358,1999,82,2026-03-12 00:51:31,118.88,10,1188.8,Returned
111359,297,79,2026-03-12 22:11:35,3908.18,10,39081.799999999996,Cancelled
111360,6530,212,2026-03-12 23:59:22,1185.09,7,8295.63,Cancelled
111361,4107,487,2026-03-12 15:57:22,146.88,7,1028.1599999999999,Returned
111362,4957,291,2026-03-12 15:51:25,4199.89,10,41998.9,Cancelled
111363,4066,415,2026-03-12 06:49:42,1202.18,6,7213.08,Cancelled
111364,6045,135,2026-03-12 23:46:42,835.58,5,4177.900000000001,Cancelled
111365,8019,494,2026-03-12 09:21:32,725.66,2,1451.32,Completed
111366,1110,182,2026-03-12 10:08:42,4560.11,2,9120.22,Completed
111367,4691,283,2026-03-12 17:53:48,519.52,9,4675.68,Cancelled
111368,7278,390,2026-03-12 02:02:22,1149.27,9,10343.43,Returned
111369,2459,215,2026-03-12 00:47:51,1202.26,4,4809.04,Returned
111370,1966,318,2026-03-12 13:07:35,1348.64,0,0.0,Returned
111371,4529,367,2026-03-12 04:36:26,3597.67,7,25183.690000000002,Cancelled
111372,3733,150,2026-03-12 19:51:50,1264.39,3,3793.17,Completed
111373,5941,430,2026-03-12 04:56:16,1893.73,7,13256.11,Returned
111374,4070,418,2026-03-12 23:38:13,2055.35,8,16442.8,Completed
111375,5782,498,2026-03-12 14:47:30,3779.72,5,18898.6,Completed
111376,7028,296,2026-03-12 17:46:08,3494.6,3,10483.8,Cancelled
111377,8342,112,2026-03-12 15:13:01,1310.56,1,1310.56,Cancelled
111378,8763,475,2026-03-12 20:00:21,2885.67,0,0.0,Completed
111379,4435,197,2026-03-12 15:55:35,692.66,6,4155.96,Cancelled
111380,7399,191,2026-03-12 22:38:08,4354.7,5,21773.5,Returned
111381,2873,336,2026-03-12 03:55:55,2730.63,3,8191.89,Returned
111382,7266,31,2026-03-12 18:08:20,3266.59,7,22866.13,Completed
111383,2291,269,2026-03-12 12:42:16,1037.21,8,8297.68,Returned
111384,6459,65,2026-03-12 12:56:40,1977.84,10,19778.399999999998,Completed
111385,5492,117,2026-03-12 00:55:33,4676.49,2,9352.98,Completed
111386,9350,300,2026-03-12 12:43:29,4214.83,7,29503.809999999998,Cancelled
111387,4099,392,2026-03-12 17:14:01,183.35,5,916.75,Returned
111388,8961,277,2026-03-12 10:27:09,1756.85,4,7027.4,Returned
111389,2424,445,2026-03-12 05:14:04,1809.42,3,5428.26,Cancelled
111390,9828,136,2026-03-12 21:11:26,4969.29,10,49692.9,Cancelled
111391,906,136,2026-03-12 17:39:12,1294.43,10,12944.300000000001,Cancelled
111392,1127,442,2026-03-12 06:20:05,4810.25,1,4810.25,Completed
111393,2977,11,2026-03-12 17:43:19,3823.43,3,11470.289999999999,Completed
111394,3295,38,2026-03-12 17:56:34,3142.79,0,0.0,Cancelled
111395,60,439,2026-03-12 03:45:55,2044.31,6,12265.86,Completed
111396,1044,395,2026-03-12 05:24:12,824.52,1,824.52,Completed
111397,5142,450,2026-03-12 08:59:29,3944.51,8,31556.08,Completed
111398,6952,241,2026-03-12 08:45:55,242.1,6,1452.6,Cancelled
111399,8233,462,2026-03-12 08:07:39,4138.19,7,28967.329999999998,Completed
111400,7053,281,2026-03-12 18:04:14,2150.9,0,0.0,Completed
111401,2568,270,2026-03-12 02:17:11,3484.22,4,13936.88,Returned
111402,818,51,2026-03-12 00:32:23,2223.41,5,11117.05,Completed
111403,4470,120,2026-03-12 14:05:03,3007.25,6,18043.5,Cancelled
111404,5883,419,2026-03-12 23:13:50,4630.55,0,0.0,Cancelled
111405,3794,472,2026-03-12 03:42:35,2695.37,0,0.0,Cancelled
111406,7337,486,2026-03-12 02:52:40,2216.2,10,22162.0,Returned
111407,1057,67,2026-03-12 02:39:33,4219.13,3,12657.39,Returned
111408,5081,248,2026-03-12 12:25:06,1830.77,3,5492.3099999999995,Cancelled
111409,2938,146,2026-03-12 08:28:16,1454.38,3,4363.14,Completed
111410,4501,171,2026-03-12 12:52:10,2090.43,6,12542.579999999998,Cancelled
111411,4585,101,2026-03-12 03:08:12,210.41,1,210.41,Completed
111412,831,167,2026-03-12 10:30:12,4351.76,9,39165.840000000004,Cancelled
111413,4532,172,2026-03-12 20:24:59,2510.47,1,2510.47,Cancelled
111414,10058,87,2026-03-12 05:45:37,3911.75,1,3911.75,Completed
111415,4729,331,2026-03-12 09:57:03,2363.09,7,16541.63,Completed
111416,3642,354,2026-03-12 01:52:26,4734.43,6,28406.58,Returned
111417,5554,191,2026-03-12 15:00:16,4203.68,1,4203.68,Returned
111418,2976,425,2026-03-12 01:00:33,1121.36,7,7849.5199999999995,Completed
111419,2515,300,2026-03-12 12:12:05,4942.22,5,24711.100000000002,Completed
111420,10154,109,2026-03-12 12:31:18,220.48,10,2204.7999999999997,Returned
111421,3807,378,2026-03-12 13:39:31,644.64,7,4512.48,Cancelled
111422,9914,288,2026-03-12 16:48:26,2133.4,7,14933.800000000001,Returned
111423,9831,274,2026-03-12 19:00:15,1416.04,5,7080.2,Cancelled
111424,5735,177,2026-03-12 08:04:39,2701.3,3,8103.900000000001,Returned
111425,4834,234,2026-03-12 06:47:29,4934.32,2,9868.64,Cancelled
111426,986,293,2026-03-12 06:17:32,2631.68,7,18421.76,Completed
111427,4245,440,2026-03-12 04:00:38,3609.61,2,7219.22,Returned
111428,5483,321,2026-03-12 19:29:34,2798.28,1,2798.28,Cancelled
111429,9124,93,2026-03-12 03:22:44,4637.38,6,27824.28,Cancelled
111430,3840,319,2026-03-12 15:12:15,1063.19,2,2126.38,Returned
111431,5132,468,2026-03-12 17:09:25,3470.72,3,10412.16,Completed
111432,6476,98,2026-03-12 13:31:56,512.79,9,4615.11,Cancelled
111433,8401,60,2026-03-12 15:29:59,262.44,1,262.44,Completed
111434,3228,120,2026-03-12 11:47:13,4886.42,4,19545.68,Returned
111435,9563,461,2026-03-12 16:50:05,1729.89,1,1729.89,Completed
111436,119,265,2026-03-12 16:17:03,4822.98,8,38583.84,Returned
111437,8622,320,2026-03-12 16:12:58,2249.18,8,17993.44,Completed
111438,1313,427,2026-03-12 11:13:40,2465.18,6,14791.079999999998,Completed
111439,1180,191,2026-03-12 07:40:07,2105.77,6,12634.619999999999,Returned
111440,5899,185,2026-03-12 11:44:12,1863.18,10,18631.8,Cancelled
111441,1524,356,2026-03-12 17:29:48,1460.65,9,13145.85,Returned
111442,7930,404,2026-03-12 16:06:05,2786.25,8,22290.0,Returned
111443,8760,155,2026-03-12 20:28:27,604.24,1,604.24,Completed
111444,3381,148,2026-03-12 07:44:45,3085.84,0,0.0,Returned
111445,327,430,2026-03-12 13:59:20,4659.36,2,9318.72,Completed
111446,9375,7,2026-03-12 11:25:19,3108.95,7,21762.649999999998,Returned
111447,1361,307,2026-03-12 19:36:44,2852.64,8,22821.12,Cancelled
111448,8117,109,2026-03-12 16:29:51,4552.39,5,22761.95,Completed
111449,340,489,2026-03-12 09:26:39,2289.46,3,6868.38,Completed
111450,2950,447,2026-03-12 23:04:02,4304.54,6,25827.239999999998,Completed
111451,1183,430,2026-03-12 21:41:43,3435.56,9,30920.04,Returned
111452,882,24,2026-03-12 17:13:00,137.06,2,274.12,Completed
111453,3266,258,2026-03-12 15:27:17,1856.46,9,16708.14,Cancelled
111454,4208,462,2026-03-12 21:39:48,3554.08,2,7108.16,Completed
111455,10433,32,2026-03-12 21:45:49,2887.35,2,5774.7,Cancelled
111456,7697,60,2026-03-12 04:03:53,3257.14,5,16285.699999999999,Returned
111457,3419,111,2026-03-12 22:47:41,436.95,5,2184.75,Completed
111458,3284,386,2026-03-12 09:57:41,321.1,9,2889.9,Cancelled
111459,597,273,2026-03-12 01:10:20,4716.34,2,9432.68,Completed
111460,2388,302,2026-03-12 15:20:14,4112.62,6,24675.72,Cancelled
111461,9993,149,2026-03-12 04:13:57,2105.09,4,8420.36,Returned
111462,9114,27,2026-03-12 01:56:53,3044.39,4,12177.56,Returned
111463,4255,4,2026-03-12 15:02:30,3282.84,3,9848.52,Returned
111464,28,348,2026-03-12 06:00:07,1251.67,5,6258.35,Completed
111465,6165,447,2026-03-12 10:20:47,955.39,6,5732.34,Completed
111466,8575,391,2026-03-12 11:23:29,2298.58,7,16090.06,Cancelled
111467,5235,233,2026-03-12 08:38:21,3589.37,3,10768.11,Completed
111468,7043,123,2026-03-12 00:27:57,1778.36,1,1778.36,Cancelled
111469,7522,94,2026-03-12 13:05:49,4750.85,1,4750.85,Completed
111470,6658,285,2026-03-12 03:59:34,4564.4,4,18257.6,Returned
111471,4807,78,2026-03-12 00:06:01,2815.65,0,0.0,Returned
111472,2380,96,2026-03-12 05:25:27,1869.45,6,11216.7,Returned
111473,7477,364,2026-03-12 20:21:41,94.09,1,94.09,Cancelled
111474,372,201,2026-03-12 14:49:02,980.6,6,5883.6,Returned
111475,3940,396,2026-03-12 13:28:48,1419.6,10,14196.0,Returned
111476,9425,208,2026-03-12 05:59:11,3829.12,8,30632.96,Cancelled
111477,8221,269,2026-03-12 01:44:35,1638.14,5,8190.700000000001,Returned
111478,4815,254,2026-03-12 09:19:32,4407.64,9,39668.76,Cancelled
111479,9892,250,2026-03-12 19:27:28,2650.46,3,7951.38,Completed
111480,3564,158,2026-03-12 19:55:22,4236.59,3,12709.77,Completed
111481,8783,153,2026-03-12 11:00:53,609.92,4,2439.68,Returned
111482,2740,148,2026-03-12 02:31:00,4023.96,10,40239.6,Completed
111483,7316,62,2026-03-12 11:11:25,1356.07,1,1356.07,Cancelled
111484,3521,110,2026-03-12 07:31:35,4454.47,0,0.0,Cancelled
111485,8223,493,2026-03-12 06:17:50,3959.67,5,19798.35,Returned
111486,2567,415,2026-03-12 22:52:51,149.21,4,596.84,Cancelled
111487,1323,85,2026-03-12 19:49:03,2122.0,4,8488.0,Completed
111488,8931,311,2026-03-12 09:44:35,4450.95,7,31156.649999999998,Returned
111489,3724,321,2026-03-12 14:18:25,4094.54,9,36850.86,Cancelled
111490,10402,219,2026-03-12 12:48:25,1216.15,6,7296.900000000001,Cancelled
111491,5479,443,2026-03-12 22:57:36,2577.44,6,15464.64,Cancelled
111492,2906,463,2026-03-12 20:01:26,2286.24,3,6858.719999999999,Completed
111493,1440,461,2026-03-12 02:29:32,3640.85,0,0.0,Completed
111494,2634,384,2026-03-12 01:50:15,3154.63,9,28391.670000000002,Cancelled
111495,8438,412,2026-03-12 05:07:44,4077.21,6,24463.260000000002,Cancelled
111496,10228,186,2026-03-12 04:00:44,4290.6,5,21453.0,Cancelled
111497,7357,461,2026-03-12 22:26:01,3501.93,8,28015.44,Cancelled
111498,7813,274,2026-03-12 18:08:50,603.53,4,2414.12,Completed
111499,3648,375,2026-03-12 14:42:11,3979.78,5,19898.9,Returned
111500,3066,32,2026-03-12 20:42:34,2953.89,1,2953.89,Cancelled
111501,5984,446,2026-03-12 06:16:28,2286.34,5,11431.7,Completed
111502,235,222,2026-03-12 13:32:16,1008.62,6,6051.72,Cancelled
111503,7685,283,2026-03-12 10:47:21,4090.4,8,32723.2,Returned
111504,5296,169,2026-03-12 20:55:54,4597.45,4,18389.8,Returned
111505,4786,48,2026-03-12 06:47:06,137.02,4,548.08,Completed
111506,2488,470,2026-03-12 01:25:31,1204.93,2,2409.86,Returned
111507,5212,278,2026-03-12 13:41:26,3202.87,9,28825.829999999998,Cancelled
111508,2516,293,2026-03-12 09:40:33,1600.95,10,16009.5,Cancelled
111509,8875,70,2026-03-12 05:37:25,3182.71,8,25461.68,Completed
111510,8095,253,2026-03-12 11:50:46,2243.24,1,2243.24,Returned
111511,9788,58,2026-03-12 13:45:50,990.87,6,5945.22,Completed
111512,9130,324,2026-03-12 15:44:54,2814.33,3,8442.99,Returned
111513,3172,370,2026-03-12 07:00:16,2849.93,0,0.0,Returned
111514,9212,495,2026-03-12 20:50:08,3099.79,6,18598.739999999998,Cancelled
111515,10318,487,2026-03-12 16:34:02,4180.13,1,4180.13,Cancelled
111516,2899,195,2026-03-12 20:00:48,4172.8,6,25036.800000000003,Returned
111517,6506,474,2026-03-12 12:29:34,4227.14,1,4227.14,Cancelled
111518,8991,349,2026-03-12 11:52:46,3415.36,5,17076.8,Completed
111519,10171,60,2026-03-12 03:49:04,4896.33,6,29377.98,Cancelled
111520,9615,362,2026-03-12 08:36:14,4271.33,0,0.0,Cancelled
111521,2235,390,2026-03-12 14:19:49,1298.26,2,2596.52,Completed
111522,2896,197,2026-03-12 09:41:51,3509.83,7,24568.809999999998,Cancelled
111523,1844,13,2026-03-12 15:20:04,2937.55,9,26437.95,Completed
111524,884,174,2026-03-12 00:21:41,1200.73,8,9605.84,Cancelled
111525,9666,36,2026-03-12 23:42:47,200.03,0,0.0,Returned
111526,3478,404,2026-03-12 06:11:59,4195.76,3,12587.28,Returned
111527,3178,187,2026-03-12 20:53:59,31.47,7,220.29,Returned
111528,4021,62,2026-03-12 09:06:13,1173.44,7,8214.08,Completed
111529,737,176,2026-03-12 23:30:57,2929.62,9,26366.579999999998,Returned
111530,4695,159,2026-03-12 00:26:50,3709.54,8,29676.32,Returned
111531,1115,59,2026-03-12 08:21:15,50.21,0,0.0,Cancelled
111532,2190,261,2026-03-12 09:30:19,3655.85,7,25590.95,Cancelled
111533,6911,476,2026-03-12 23:45:44,2268.08,7,15876.56,Completed
111534,3659,151,2026-03-12 17:54:16,3314.63,5,16573.15,Returned
111535,541,211,2026-03-12 11:04:00,4160.34,9,37443.06,Completed
111536,7998,401,2026-03-12 02:45:51,590.59,4,2362.36,Returned
111537,1937,398,2026-03-12 05:10:08,3719.8,7,26038.600000000002,Returned
111538,4827,92,2026-03-12 17:40:45,3117.82,8,24942.56,Returned
111539,68,306,2026-03-12 08:44:43,3290.28,6,19741.68,Completed
111540,9897,211,2026-03-12 08:26:27,4088.15,0,0.0,Completed
111541,2345,219,2026-03-12 03:40:11,4384.7,9,39462.299999999996,Completed
111542,5713,433,2026-03-12 00:05:24,1134.73,9,10212.57,Completed
111543,4284,434,2026-03-12 14:32:01,3451.54,2,6903.08,Completed
111544,1617,361,2026-03-12 12:10:53,4793.67,5,23968.35,Completed
111545,375,444,2026-03-12 15:59:09,345.21,7,2416.47,Completed
111546,7046,117,2026-03-12 23:00:35,2645.33,2,5290.66,Completed
111547,4567,73,2026-03-12 00:12:33,2991.44,2,5982.88,Returned
111548,9789,33,2026-03-12 07:42:56,4279.69,8,34237.52,Completed
111549,3223,263,2026-03-12 18:53:10,3131.63,4,12526.52,Returned
111550,4998,267,2026-03-12 07:01:03,2697.49,7,18882.43,Cancelled
111551,10050,181,2026-03-12 09:07:51,181.42,8,1451.36,Cancelled
111552,4723,293,2026-03-12 18:50:01,4964.52,3,14893.560000000001,Cancelled
111553,8331,37,2026-03-12 01:56:13,3041.29,6,18247.739999999998,Completed
111554,2548,9,2026-03-12 14:02:06,3445.03,10,34450.3,Cancelled
111555,435,307,2026-03-12 21:48:59,2853.0,8,22824.0,Returned
111556,848,303,2026-03-12 00:47:30,4843.21,6,29059.260000000002,Returned
111557,9784,285,2026-03-12 12:52:07,3032.49,3,9097.47,Cancelled
111558,8930,11,2026-03-12 10:40:12,4814.53,10,48145.299999999996,Returned
111559,10161,143,2026-03-12 18:32:24,4988.8,9,44899.200000000004,Returned
111560,3868,474,2026-03-12 12:06:43,2526.25,5,12631.25,Returned
111561,5939,344,2026-03-12 23:00:06,3849.59,1,3849.59,Cancelled
111562,7600,238,2026-03-12 18:06:01,3784.37,5,18921.85,Completed
111563,924,20,2026-03-12 08:51:27,4555.38,10,45553.8,Completed
111564,6098,142,2026-03-12 15:52:00,2771.93,1,2771.93,Completed
111565,7438,112,2026-03-12 08:29:09,4565.56,0,0.0,Returned
111566,2091,276,2026-03-12 22:19:51,2176.09,10,21760.9,Returned
111567,9972,118,2026-03-12 14:57:39,2267.99,2,4535.98,Returned
111568,3449,82,2026-03-12 14:45:21,1350.1,6,8100.599999999999,Completed
111569,5568,272,2026-03-12 07:31:19,3668.58,4,14674.32,Returned
111570,1887,407,2026-03-12 05:44:50,4598.16,3,13794.48,Completed
111571,1733,231,2026-03-12 01:55:46,3606.02,6,21636.12,Returned
111572,4998,481,2026-03-12 06:51:00,887.44,7,6212.08,Completed
111573,2047,51,2026-03-12 15:42:55,1335.12,1,1335.12,Cancelled
111574,5141,310,2026-03-12 16:42:56,2738.88,0,0.0,Returned
111575,2172,29,2026-03-12 03:17:29,4811.05,0,0.0,Completed
111576,3265,466,2026-03-12 23:44:30,2419.17,7,16934.190000000002,Cancelled
111577,6327,12,2026-03-12 19:58:14,4979.1,9,44811.9,Returned
111578,3071,119,2026-03-12 16:45:53,2536.03,5,12680.150000000001,Completed
111579,6896,22,2026-03-12 16:04:26,156.55,4,626.2,Returned
111580,5607,175,2026-03-12 13:09:15,4242.6,6,25455.600000000002,Completed
111581,8886,321,2026-03-12 14:05:20,163.57,1,163.57,Cancelled
111582,7643,161,2026-03-12 01:09:59,2787.97,7,19515.789999999997,Completed
111583,7114,21,2026-03-12 07:52:01,3327.25,5,16636.25,Cancelled
111584,10130,132,2026-03-12 12:14:49,4078.21,6,24469.260000000002,Cancelled
111585,886,237,2026-03-12 08:45:03,804.75,1,804.75,Completed
111586,2087,135,2026-03-12 20:23:26,115.38,3,346.14,Completed
111587,1755,101,2026-03-12 20:33:45,686.38,7,4804.66,Returned
111588,1469,39,2026-03-12 04:53:23,2552.92,8,20423.36,Cancelled
111589,8228,56,2026-03-12 19:23:40,4143.79,5,20718.95,Cancelled
111590,4276,330,2026-03-12 10:23:25,4325.65,3,12976.949999999999,Completed
111591,4253,403,2026-03-12 09:30:46,2362.09,10,23620.9,Cancelled
111592,10103,436,2026-03-12 03:49:27,2956.72,10,29567.199999999997,Returned
111593,8097,259,2026-03-12 16:15:29,3275.74,6,19654.44,Completed
111594,620,121,2026-03-12 22:06:27,33.91,9,305.18999999999994,Completed
111595,10484,421,2026-03-12 23:32:48,2371.28,0,0.0,Cancelled
111596,6792,380,2026-03-12 05:18:40,2202.74,10,22027.399999999998,Returned
111597,2436,467,2026-03-12 05:33:35,927.9,6,5567.4,Cancelled
111598,9570,295,2026-03-12 14:43:09,2573.63,5,12868.150000000001,Cancelled
111599,834,240,2026-03-12 09:43:47,4527.9,6,27167.399999999998,Cancelled
111600,5304,154,2026-03-12 20:54:27,1441.98,0,0.0,Returned
111601,3493,311,2026-03-12 13:01:27,4837.4,2,9674.8,Completed
111602,8281,155,2026-03-12 23:25:23,3198.83,7,22391.809999999998,Completed
111603,8254,28,2026-03-12 10:49:55,3483.88,4,13935.52,Returned
111604,2083,187,2026-03-12 13:30:38,4034.39,1,4034.39,Completed
111605,6508,398,2026-03-12 19:10:36,61.64,1,61.64,Completed
111606,835,68,2026-03-12 20:25:50,2707.71,9,24369.39,Cancelled
111607,4743,166,2026-03-12 07:33:15,2469.24,10,24692.399999999998,Cancelled
111608,3368,127,2026-03-12 13:00:47,1105.77,4,4423.08,Returned
111609,4231,382,2026-03-12 19:13:48,2290.57,10,22905.7,Cancelled
111610,1110,230,2026-03-12 20:58:27,3943.41,6,23660.46,Returned
111611,9535,415,2026-03-12 11:34:22,2725.74,5,13628.699999999999,Cancelled
111612,8678,481,2026-03-12 23:37:57,4689.04,9,42201.36,Completed
111613,9102,17,2026-03-12 17:34:54,4139.23,2,8278.46,Returned
111614,7709,428,2026-03-12 02:31:36,4165.95,9,37493.549999999996,Cancelled
111615,3049,235,2026-03-12 23:38:04,4976.0,0,0.0,Cancelled
111616,5099,374,2026-03-12 10:13:24,844.25,5,4221.25,Returned
111617,5065,348,2026-03-12 04:06:47,4040.52,1,4040.52,Cancelled
111618,6421,377,2026-03-12 00:06:30,194.05,5,970.25,Completed
111619,1722,110,2026-03-12 06:14:15,2968.61,9,26717.49,Completed
111620,9137,297,2026-03-12 00:03:08,2080.42,4,8321.68,Returned
111621,9716,440,2026-03-12 09:20:42,1679.33,1,1679.33,Returned
111622,10467,230,2026-03-12 11:01:55,3105.81,4,12423.24,Completed
111623,3567,428,2026-03-12 01:42:46,43.51,8,348.08,Cancelled
111624,2750,293,2026-03-12 19:57:06,1176.97,5,5884.85,Returned
111625,3869,221,2026-03-12 16:06:38,2027.43,9,18246.87,Cancelled
111626,31,68,2026-03-12 20:02:16,3830.35,6,22982.1,Cancelled
111627,8925,244,2026-03-12 17:35:00,2876.72,10,28767.199999999997,Completed
111628,690,205,2026-03-12 17:50:24,3525.24,0,0.0,Cancelled
111629,9370,169,2026-03-12 05:50:24,1011.42,6,6068.5199999999995,Completed
111630,9688,185,2026-03-12 17:35:04,3493.95,5,17469.75,Returned
111631,10310,327,2026-03-12 18:09:40,1100.74,10,11007.4,Returned
111632,7778,396,2026-03-12 10:01:01,481.89,9,4337.01,Cancelled
111633,7780,89,2026-03-12 11:37:26,2249.05,3,6747.150000000001,Returned
111634,9925,59,2026-03-12 18:12:45,361.26,6,2167.56,Returned
111635,5210,486,2026-03-12 17:47:23,868.41,10,8684.1,Returned
111636,7792,317,2026-03-12 05:22:59,198.25,2,396.5,Cancelled
111637,7435,434,2026-03-12 11:13:10,626.01,5,3130.05,Cancelled
111638,8697,365,2026-03-12 14:32:15,2894.14,8,23153.12,Cancelled
111639,6652,289,2026-03-12 00:33:45,3992.03,3,11976.09,Cancelled
111640,3379,34,2026-03-12 13:47:18,1981.79,8,15854.32,Completed
111641,2915,67,2026-03-12 22:24:30,1721.35,6,10328.099999999999,Completed
111642,2208,347,2026-03-12 11:30:22,3402.52,7,23817.64,Cancelled
111643,1156,250,2026-03-12 15:56:06,1924.65,7,13472.550000000001,Completed
111644,8106,50,2026-03-12 09:30:00,546.49,4,2185.96,Completed
111645,4419,33,2026-03-12 19:08:09,2813.83,10,28138.3,Completed
111646,5811,390,2026-03-12 08:12:31,2984.23,10,29842.3,Cancelled
111647,2719,25,2026-03-12 07:46:53,596.27,9,5366.43,Returned
111648,7881,456,2026-03-12 17:19:14,1012.39,10,10123.9,Returned
111649,5437,34,2026-03-12 11:33:07,197.4,9,1776.6000000000001,Completed
111650,8601,229,2026-03-12 02:55:02,684.06,9,6156.539999999999,Cancelled
111651,4097,335,2026-03-12 03:03:47,4860.74,0,0.0,Completed
111652,7392,157,2026-03-12 15:03:18,1206.8,9,10861.199999999999,Cancelled
111653,6832,366,2026-03-12 18:18:47,872.9,5,4364.5,Completed
111654,5695,224,2026-03-12 19:55:42,4706.03,5,23530.149999999998,Completed
111655,599,296,2026-03-12 09:59:26,230.03,8,1840.24,Completed
111656,8794,173,2026-03-12 09:01:09,4304.54,3,12913.619999999999,Returned
111657,5972,38,2026-03-12 17:02:36,3108.39,3,9325.17,Completed
111658,9708,236,2026-03-12 22:41:19,356.39,6,2138.34,Returned
111659,2171,499,2026-03-12 04:34:33,3628.81,2,7257.62,Cancelled
111660,2696,256,2026-03-12 18:29:35,2400.61,10,24006.100000000002,Completed
111661,2394,194,2026-03-12 04:24:39,912.84,4,3651.36,Completed
111662,3194,338,2026-03-12 13:29:56,4702.08,10,47020.8,Cancelled
111663,4656,370,2026-03-12 05:51:17,2308.38,7,16158.66,Returned
111664,1896,266,2026-03-12 06:57:07,4735.74,8,37885.92,Cancelled
111665,9314,286,2026-03-12 01:02:38,835.06,5,4175.299999999999,Completed
111666,10068,193,2026-03-12 00:04:12,4486.7,6,26920.199999999997,Returned
111667,9811,258,2026-03-12 00:08:46,4516.52,4,18066.08,Cancelled
111668,7281,292,2026-03-12 07:48:07,970.35,5,4851.75,Cancelled
111669,6530,96,2026-03-12 18:30:05,4427.33,3,13281.99,Returned
111670,7783,24,2026-03-12 08:58:10,4510.7,9,40596.299999999996,Cancelled
111671,5975,360,2026-03-12 23:34:22,4198.98,3,12596.939999999999,Completed
111672,9729,235,2026-03-12 17:00:51,3139.46,9,28255.14,Returned
111673,2865,480,2026-03-12 13:15:08,3033.24,8,24265.92,Cancelled
111674,1888,281,2026-03-12 18:08:50,3592.17,3,10776.51,Completed
111675,398,290,2026-03-12 00:56:00,2731.79,3,8195.369999999999,Completed
111676,7392,397,2026-03-12 21:21:00,3525.07,6,21150.420000000002,Cancelled
111677,6715,460,2026-03-12 11:42:13,4849.55,2,9699.1,Returned
111678,927,486,2026-03-12 12:29:29,3140.02,10,31400.2,Completed
111679,10309,319,2026-03-12 08:06:58,1870.28,5,9351.4,Returned
111680,8337,112,2026-03-12 06:34:25,4371.31,2,8742.62,Returned
111681,10112,485,2026-03-12 19:46:41,2795.0,10,27950.0,Cancelled
111682,6252,265,2026-03-12 05:25:29,2334.96,9,21014.64,Cancelled
111683,9264,58,2026-03-12 00:45:20,4630.68,6,27784.08,Returned
111684,8841,232,2026-03-12 22:54:10,3211.59,6,19269.54,Returned
111685,6239,220,2026-03-12 11:52:34,4515.61,6,27093.659999999996,Completed
111686,8330,277,2026-03-12 20:52:38,224.76,7,1573.32,Completed
111687,2772,498,2026-03-12 12:51:36,889.87,2,1779.74,Completed
111688,2721,180,2026-03-12 16:23:54,4659.73,0,0.0,Returned
111689,6358,496,2026-03-12 15:27:21,3668.19,3,11004.57,Completed
111690,6139,199,2026-03-12 16:05:54,4676.56,3,14029.68,Returned
111691,4455,60,2026-03-12 20:24:35,134.48,4,537.92,Cancelled
111692,4869,355,2026-03-12 06:20:51,1594.95,1,1594.95,Completed
111693,10177,307,2026-03-12 23:13:54,2665.93,9,23993.37,Completed
111694,4204,361,2026-03-12 13:40:03,2675.26,7,18726.82,Completed
111695,3496,467,2026-03-12 21:04:45,4376.36,4,17505.44,Completed
111696,7226,60,2026-03-12 13:01:45,2807.18,9,25264.62,Cancelled
111697,2181,234,2026-03-12 23:03:39,2821.37,1,2821.37,Cancelled
111698,10155,495,2026-03-12 04:54:04,3411.67,8,27293.36,Cancelled
111699,3525,424,2026-03-12 08:06:23,2860.2,5,14301.0,Cancelled
111700,9906,43,2026-03-12 07:42:10,3906.76,0,0.0,Cancelled
111701,5302,222,2026-03-12 21:12:02,2521.19,4,10084.76,Cancelled
111702,3083,196,2026-03-12 00:39:26,4264.79,10,42647.9,Returned
111703,10297,43,2026-03-12 09:29:22,4804.79,10,48047.9,Returned
111704,3396,271,2026-03-12 09:08:03,906.95,4,3627.8,Completed
111705,9405,56,2026-03-12 03:56:22,4300.62,2,8601.24,Completed
111706,1026,147,2026-03-12 05:11:50,2748.92,10,27489.2,Completed
111707,10179,106,2026-03-12 07:09:26,2733.08,9,24597.72,Cancelled
111708,7803,320,2026-03-12 00:34:25,1876.12,2,3752.24,Returned
111709,8485,55,2026-03-12 04:29:52,2338.76,4,9355.04,Cancelled
111710,1154,88,2026-03-12 08:30:34,51.44,3,154.32,Completed
111711,6604,31,2026-03-12 15:33:02,1023.19,8,8185.52,Returned
111712,8797,105,2026-03-12 23:42:31,2651.24,8,21209.92,Completed
111713,5445,234,2026-03-12 03:22:29,1793.64,7,12555.480000000001,Returned
111714,4435,434,2026-03-12 08:55:14,3073.94,3,9221.82,Cancelled
111715,9145,321,2026-03-12 22:00:48,3553.45,8,28427.6,Cancelled
111716,6100,112,2026-03-12 22:10:06,2269.59,8,18156.72,Completed
111717,54,304,2026-03-12 14:01:02,3934.23,9,35408.07,Cancelled
111718,10242,493,2026-03-12 16:19:13,3378.77,8,27030.16,Returned
111719,423,445,2026-03-12 23:00:42,185.07,0,0.0,Returned
111720,3915,189,2026-03-12 04:55:12,4091.96,7,28643.72,Returned
111721,8805,210,2026-03-12 14:18:57,456.37,0,0.0,Cancelled
111722,4712,365,2026-03-12 02:14:27,4943.65,2,9887.3,Completed
111723,6444,270,2026-03-12 03:21:06,62.64,7,438.48,Completed
111724,4462,456,2026-03-12 22:01:15,1146.61,8,9172.88,Completed
111725,1225,193,2026-03-12 03:43:55,1261.02,10,12610.2,Completed
111726,2694,205,2026-03-12 07:05:50,4644.98,9,41804.81999999999,Returned
111727,4810,260,2026-03-12 20:22:25,502.12,1,502.12,Returned
111728,7800,312,2026-03-12 05:05:43,1536.05,7,10752.35,Cancelled
111729,4206,48,2026-03-12 15:28:00,586.69,0,0.0,Completed
111730,8387,132,2026-03-12 01:28:22,522.96,2,1045.92,Cancelled
111731,10100,440,2026-03-12 11:16:43,1498.76,10,14987.6,Cancelled
111732,10230,279,2026-03-12 10:56:13,3228.1,7,22596.7,Returned
111733,3583,414,2026-03-12 19:53:59,3241.51,8,25932.08,Returned
111734,3491,334,2026-03-12 20:26:20,4638.25,7,32467.75,Completed
111735,5088,470,2026-03-12 14:19:51,1559.44,5,7797.200000000001,Completed
111736,2342,205,2026-03-12 00:25:17,650.17,6,3901.0199999999995,Completed
111737,9419,95,2026-03-12 10:21:06,2017.3,7,14121.1,Returned
111738,2688,277,2026-03-12 11:25:37,2185.62,0,0.0,Cancelled
111739,8059,328,2026-03-12 19:42:20,1197.53,8,9580.24,Completed
111740,2039,270,2026-03-12 14:43:45,3951.65,6,23709.9,Cancelled
111741,2585,486,2026-03-12 09:59:48,694.87,1,694.87,Cancelled
111742,491,413,2026-03-12 17:17:07,2204.26,3,6612.780000000001,Completed
111743,6882,221,2026-03-12 08:01:38,2501.76,3,7505.280000000001,Returned
111744,10047,449,2026-03-12 04:08:06,3637.53,1,3637.53,Cancelled
111745,4360,305,2026-03-12 06:20:00,4743.83,3,14231.49,Cancelled
111746,8311,393,2026-03-12 11:55:44,1100.98,10,11009.8,Returned
111747,10158,13,2026-03-12 12:10:10,590.49,10,5904.9,Cancelled
111748,9232,160,2026-03-12 13:56:31,941.15,6,5646.9,Completed
111749,2595,193,2026-03-12 02:26:42,1362.61,1,1362.61,Returned
111750,6069,129,2026-03-12 00:00:19,265.47,2,530.94,Returned
111751,8491,384,2026-03-12 17:02:21,3246.57,9,29219.13,Cancelled
111752,9499,343,2026-03-12 14:48:48,4247.78,9,38230.02,Completed
111753,619,490,2026-03-12 07:31:39,3561.25,3,10683.75,Cancelled
111754,6329,389,2026-03-12 23:00:15,4130.29,4,16521.16,Cancelled
111755,7395,64,2026-03-12 15:00:52,4125.6,8,33004.8,Cancelled
111756,7303,288,2026-03-12 13:23:08,1422.88,3,4268.64,Cancelled
111757,5303,122,2026-03-12 21:46:33,3665.55,4,14662.2,Returned
111758,2486,441,2026-03-12 09:18:51,4707.76,3,14123.28,Cancelled
111759,6383,308,2026-03-12 01:28:37,1212.63,5,6063.150000000001,Returned
111760,6530,23,2026-03-12 01:15:21,1867.05,2,3734.1,Returned
111761,9208,199,2026-03-12 14:14:29,3852.13,4,15408.52,Completed
111762,5703,47,2026-03-12 17:55:45,2544.01,4,10176.04,Cancelled
111763,9617,373,2026-03-12 16:26:32,2482.35,7,17376.45,Completed
111764,5152,378,2026-03-12 08:38:32,4052.15,7,28365.05,Cancelled
111765,2379,242,2026-03-12 10:17:05,1815.52,3,5446.5599999999995,Returned
111766,3355,148,2026-03-12 23:44:02,2863.13,4,11452.52,Cancelled
111767,9215,206,2026-03-12 02:39:54,4483.53,8,35868.24,Cancelled
111768,5630,388,2026-03-12 08:35:34,245.58,3,736.74,Cancelled
111769,4225,407,2026-03-12 02:36:29,4419.35,10,44193.5,Returned
111770,6325,409,2026-03-12 04:42:32,1515.49,2,3030.98,Returned
111771,1585,412,2026-03-12 20:21:46,793.12,3,2379.36,Returned
111772,3121,79,2026-03-12 07:22:01,2174.09,9,19566.81,Returned
111773,7720,303,2026-03-12 16:50:39,2998.54,0,0.0,Completed
111774,546,29,2026-03-12 21:20:27,4740.06,4,18960.24,Completed
111775,896,377,2026-03-12 13:40:18,2222.15,1,2222.15,Returned
111776,1488,187,2026-03-12 02:15:22,1980.79,3,5942.37,Returned
111777,9200,433,2026-03-12 11:17:15,592.51,9,5332.59,Returned
111778,5289,185,2026-03-12 11:42:46,1378.88,10,13788.800000000001,Cancelled
111779,7458,451,2026-03-12 21:35:44,3629.44,0,0.0,Completed
111780,4357,214,2026-03-12 03:10:04,3006.03,1,3006.03,Returned
111781,2191,113,2026-03-12 11:05:47,91.21,0,0.0,Completed
111782,3541,239,2026-03-12 09:13:06,1395.89,0,0.0,Cancelled
111783,2082,285,2026-03-12 15:14:50,3152.64,4,12610.56,Returned
111784,2987,497,2026-03-12 10:44:41,4185.39,0,0.0,Returned
111785,5993,332,2026-03-12 17:01:18,2612.97,4,10451.88,Cancelled
111786,2341,468,2026-03-12 06:50:55,3984.73,7,27893.11,Completed
111787,4945,97,2026-03-12 15:30:59,3407.52,3,10222.56,Completed
111788,7055,269,2026-03-12 01:25:59,1872.56,3,5617.68,Returned
111789,5054,152,2026-03-12 21:50:35,1416.21,9,12745.89,Cancelled
111790,2566,42,2026-03-12 07:10:52,1082.8,4,4331.2,Returned
111791,1235,21,2026-03-12 01:51:31,2791.68,9,25125.12,Cancelled
111792,3904,86,2026-03-12 22:25:28,1841.0,6,11046.0,Cancelled
111793,5653,149,2026-03-12 10:32:05,3978.94,0,0.0,Completed
111794,4028,381,2026-03-12 17:20:08,3832.28,9,34490.520000000004,Completed
111795,6228,323,2026-03-12 08:29:20,36.33,1,36.33,Returned
111796,3924,410,2026-03-12 17:33:38,2593.19,6,15559.14,Completed
111797,5690,156,2026-03-12 23:46:43,3542.55,0,0.0,Cancelled
111798,8301,422,2026-03-12 12:18:44,3121.39,8,24971.12,Cancelled
111799,1484,155,2026-03-12 15:16:58,1762.59,1,1762.59,Completed
111800,3318,63,2026-03-12 04:31:01,742.02,8,5936.16,Cancelled
111801,6878,237,2026-03-12 08:38:15,4422.0,4,17688.0,Cancelled
111802,7261,260,2026-03-12 21:04:10,1841.32,6,11047.92,Completed
111803,10030,241,2026-03-12 12:16:05,2566.13,3,7698.39,Completed
111804,8187,243,2026-03-12 11:10:10,3068.77,1,3068.77,Cancelled
111805,9210,127,2026-03-12 18:34:54,2636.95,4,10547.8,Completed
111806,9017,273,2026-03-12 21:09:54,4506.76,0,0.0,Returned
111807,7122,500,2026-03-12 00:15:12,963.44,8,7707.52,Returned
111808,7176,288,2026-03-12 00:17:08,1358.93,3,4076.79,Cancelled
111809,1407,391,2026-03-12 10:45:08,3624.79,4,14499.16,Completed
111810,10319,241,2026-03-12 01:44:09,2047.68,4,8190.72,Returned
111811,5385,211,2026-03-12 08:52:36,1577.53,6,9465.18,Returned
111812,6275,278,2026-03-12 07:37:57,4602.69,4,18410.76,Cancelled
111813,831,341,2026-03-12 16:24:06,713.98,9,6425.82,Returned
111814,7126,138,2026-03-12 21:47:54,4607.97,9,41471.73,Returned
111815,10327,424,2026-03-12 13:11:26,4775.13,6,28650.78,Completed
111816,8266,361,2026-03-12 03:48:10,193.39,4,773.56,Returned
111817,2937,304,2026-03-12 08:55:48,1675.49,1,1675.49,Cancelled
111818,8434,470,2026-03-12 08:56:26,894.99,4,3579.96,Cancelled
111819,2454,264,2026-03-12 13:43:28,2847.95,5,14239.75,Completed
111820,741,264,2026-03-12 01:05:14,2235.92,9,20123.28,Cancelled
111821,5393,343,2026-03-12 16:37:35,3687.06,8,29496.48,Cancelled
111822,6697,468,2026-03-12 08:47:03,4224.6,1,4224.6,Completed
111823,2752,257,2026-03-12 00:25:08,4839.84,6,29039.04,Returned
111824,5025,449,2026-03-12 00:23:22,849.09,4,3396.36,Completed
111825,5642,414,2026-03-12 02:27:17,3679.52,7,25756.64,Returned
111826,8552,151,2026-03-12 02:04:58,77.44,2,154.88,Returned
111827,460,178,2026-03-12 21:59:35,145.91,10,1459.1,Cancelled
111828,5268,345,2026-03-12 06:55:03,2492.38,0,0.0,Completed
111829,3270,373,2026-03-12 18:15:57,4432.63,7,31028.41,Returned
111830,2630,30,2026-03-12 00:27:46,4378.8,9,39409.200000000004,Returned
111831,5445,177,2026-03-12 06:14:54,4851.5,8,38812.0,Completed
111832,6361,193,2026-03-12 06:07:35,3658.31,4,14633.24,Returned
111833,5738,35,2026-03-12 08:31:25,1667.24,5,8336.2,Cancelled
111834,8418,91,2026-03-12 09:17:46,628.15,1,628.15,Completed
111835,1589,434,2026-03-12 22:21:41,3131.32,2,6262.64,Cancelled
111836,4586,229,2026-03-12 13:10:30,4858.39,4,19433.56,Returned
111837,6880,455,2026-03-12 15:57:33,897.17,7,6280.19,Completed
111838,3150,108,2026-03-12 13:05:16,4682.03,0,0.0,Cancelled
111839,10009,106,2026-03-12 23:47:41,2855.83,2,5711.66,Completed
111840,7954,436,2026-03-12 08:50:49,3023.37,1,3023.37,Completed
111841,9635,460,2026-03-12 21:33:24,3695.49,10,36954.899999999994,Returned
111842,457,133,2026-03-12 12:48:23,4919.87,2,9839.74,Returned
111843,3725,139,2026-03-12 06:32:57,1390.89,5,6954.450000000001,Completed
111844,5355,162,2026-03-12 13:47:57,2057.43,3,6172.289999999999,Cancelled
111845,3662,451,2026-03-12 01:31:04,1160.17,1,1160.17,Completed
111846,9843,107,2026-03-12 03:08:21,1258.26,3,3774.7799999999997,Completed
111847,6877,348,2026-03-12 05:21:50,4820.68,9,43386.12,Returned
111848,8312,332,2026-03-12 22:01:36,3431.23,4,13724.92,Cancelled
111849,3878,288,2026-03-12 02:28:06,248.85,4,995.4,Completed
111850,1655,64,2026-03-12 00:12:08,2706.73,5,13533.65,Cancelled
111851,6442,354,2026-03-12 09:12:35,2704.08,5,13520.4,Cancelled
111852,3021,120,2026-03-12 21:08:41,4732.45,4,18929.8,Cancelled
111853,4613,249,2026-03-12 03:28:28,1207.43,6,7244.58,Completed
111854,4825,310,2026-03-12 16:24:50,4751.5,0,0.0,Completed
111855,5262,405,2026-03-12 13:57:09,859.52,1,859.52,Completed
111856,8524,382,2026-03-12 17:26:29,921.03,8,7368.24,Completed
111857,7814,493,2026-03-12 19:45:33,1625.97,1,1625.97,Returned
111858,7133,191,2026-03-12 06:58:57,743.05,8,5944.4,Completed
111859,4426,434,2026-03-12 19:02:57,1459.41,1,1459.41,Completed
111860,174,452,2026-03-12 09:00:06,1308.38,1,1308.38,Returned
111861,5717,186,2026-03-12 20:46:46,1780.77,10,17807.7,Cancelled
111862,7452,205,2026-03-12 11:07:49,3430.6,7,24014.2,Cancelled
111863,9341,112,2026-03-12 09:30:51,2952.82,9,26575.38,Cancelled
111864,564,189,2026-03-12 20:20:38,4571.44,9,41142.96,Cancelled
111865,4846,449,2026-03-12 20:46:48,4379.97,7,30659.79,Returned
111866,3154,460,2026-03-12 05:25:24,2652.23,4,10608.92,Completed
111867,6740,138,2026-03-12 13:06:20,2600.81,3,7802.43,Returned
111868,341,397,2026-03-12 22:20:46,4271.87,0,0.0,Completed
111869,6497,8,2026-03-12 13:46:26,416.74,0,0.0,Cancelled
111870,2314,312,2026-03-12 01:53:00,2915.86,9,26242.74,Completed
111871,9282,214,2026-03-12 11:20:01,2171.86,3,6515.58,Completed
111872,8140,48,2026-03-12 16:44:32,3133.71,5,15668.55,Returned
111873,4900,317,2026-03-12 17:52:41,4362.79,2,8725.58,Cancelled
111874,4522,372,2026-03-12 12:48:40,1260.66,7,8824.62,Completed
111875,7479,118,2026-03-12 07:32:04,1962.6,1,1962.6,Completed
111876,2202,160,2026-03-12 13:29:08,1896.03,3,5688.09,Completed
111877,636,445,2026-03-12 20:33:14,2339.31,2,4678.62,Returned
111878,7021,105,2026-03-12 05:31:18,3002.74,10,30027.399999999998,Completed
111879,3837,386,2026-03-12 14:10:36,3998.81,7,27991.67,Returned
111880,4669,108,2026-03-12 20:49:00,2500.52,9,22504.68,Returned
111881,1273,498,2026-03-12 19:24:25,1522.26,9,13700.34,Completed
111882,3962,195,2026-03-12 16:53:41,738.73,10,7387.3,Returned
111883,5063,148,2026-03-12 04:03:49,2778.99,0,0.0,Cancelled
111884,7402,261,2026-03-12 20:55:59,2436.07,7,17052.49,Cancelled
111885,1594,106,2026-03-12 20:46:52,4382.27,3,13146.810000000001,Completed
111886,5166,431,2026-03-12 16:15:15,4252.22,6,25513.32,Returned
111887,4668,470,2026-03-12 16:27:19,4611.48,6,27668.879999999997,Returned
111888,2221,153,2026-03-12 12:45:15,2766.33,3,8298.99,Cancelled
111889,1661,469,2026-03-12 07:05:10,2193.18,3,6579.539999999999,Returned
111890,9082,309,2026-03-12 13:09:58,2036.7,6,12220.2,Completed
111891,8152,377,2026-03-12 22:35:46,3090.93,10,30909.3,Completed
111892,5965,219,2026-03-12 12:10:29,429.17,2,858.34,Completed
111893,7986,424,2026-03-12 19:57:53,1901.21,8,15209.68,Returned
111894,4525,217,2026-03-12 00:26:31,3646.76,1,3646.76,Cancelled
111895,4633,333,2026-03-12 06:47:37,1430.83,10,14308.3,Cancelled
111896,3984,145,2026-03-12 19:02:01,3230.73,10,32307.3,Cancelled
111897,6897,17,2026-03-12 21:30:35,2374.57,8,18996.56,Completed
111898,5665,224,2026-03-12 19:41:35,1655.66,2,3311.32,Completed
111899,4669,68,2026-03-12 04:50:31,3936.53,0,0.0,Completed
111900,5628,20,2026-03-12 11:38:53,3373.56,8,26988.48,Completed
111901,1394,408,2026-03-12 15:59:11,4519.5,2,9039.0,Returned
111902,6785,77,2026-03-12 01:59:20,775.12,2,1550.24,Completed
111903,3531,245,2026-03-12 15:17:31,1244.43,10,12444.300000000001,Completed
111904,6647,408,2026-03-12 17:59:08,1472.04,0,0.0,Returned
111905,8812,44,2026-03-12 03:03:50,249.67,6,1498.02,Returned
111906,8958,285,2026-03-12 14:05:32,2566.82,2,5133.64,Returned
111907,4681,167,2026-03-12 04:28:07,4440.09,6,26640.54,Completed
111908,6921,79,2026-03-12 06:29:01,2945.16,6,17670.96,Completed
111909,8477,9,2026-03-12 20:55:39,3056.1,5,15280.5,Completed
111910,7467,173,2026-03-12 17:23:41,2446.33,5,12231.65,Cancelled
111911,4633,308,2026-03-12 05:52:32,3060.79,2,6121.58,Cancelled
111912,3951,96,2026-03-12 15:30:04,2964.57,3,8893.710000000001,Cancelled
111913,1375,157,2026-03-12 21:33:21,4050.11,6,24300.66,Completed
111914,1939,276,2026-03-12 22:46:14,3651.71,4,14606.84,Completed
111915,10332,113,2026-03-12 18:14:57,1931.63,2,3863.26,Completed
111916,1347,225,2026-03-12 22:11:34,3148.2,8,25185.6,Completed
111917,4933,205,2026-03-12 19:40:41,3073.1,10,30731.0,Returned
111918,5559,99,2026-03-12 04:46:04,1543.08,6,9258.48,Completed
111919,1087,18,2026-03-12 11:12:02,3714.4,2,7428.8,Completed
111920,6908,237,2026-03-12 10:02:11,1842.42,10,18424.2,Cancelled
111921,1361,360,2026-03-12 10:53:07,3585.65,8,28685.2,Cancelled
111922,9930,99,2026-03-12 00:04:38,2904.52,7,20331.64,Returned
111923,8118,121,2026-03-12 06:12:04,2804.41,5,14022.05,Returned
111924,887,49,2026-03-12 17:50:26,4361.08,1,4361.08,Returned
111925,4951,251,2026-03-12 12:54:25,2636.99,6,15821.939999999999,Completed
111926,7295,234,2026-03-12 23:04:51,1518.81,8,12150.48,Completed
111927,6904,186,2026-03-12 06:03:54,4710.86,9,42397.74,Cancelled
111928,2292,306,2026-03-12 09:54:46,3096.51,2,6193.02,Returned
111929,3263,118,2026-03-12 02:35:14,2202.56,3,6607.68,Completed
111930,701,197,2026-03-12 04:28:47,4410.69,10,44106.899999999994,Cancelled
111931,2026,222,2026-03-12 17:34:39,4213.17,10,42131.7,Cancelled
111932,9276,315,2026-03-12 15:21:32,4299.47,9,38695.23,Returned
111933,5414,280,2026-03-12 15:31:31,4403.98,8,35231.84,Returned
111934,10168,277,2026-03-12 16:17:14,4683.0,6,28098.0,Completed
111935,5340,180,2026-03-12 07:30:01,466.38,6,2798.2799999999997,Returned
111936,9944,37,2026-03-12 16:50:36,4931.25,2,9862.5,Completed
111937,5652,9,2026-03-12 10:41:09,696.14,7,4872.98,Cancelled
111938,3075,53,2026-03-12 12:27:50,1561.7,5,7808.5,Returned
111939,7628,311,2026-03-12 00:43:09,3119.49,6,18716.94,Returned
111940,2060,409,2026-03-12 03:22:28,2625.74,0,0.0,Returned
111941,9678,149,2026-03-12 08:39:55,3684.41,9,33159.69,Cancelled
111942,6254,348,2026-03-12 18:17:03,2857.16,0,0.0,Cancelled
111943,1799,153,2026-03-12 08:30:46,3873.48,6,23240.88,Returned
111944,1528,32,2026-03-12 02:46:43,286.81,10,2868.1,Cancelled
111945,3698,303,2026-03-12 01:06:23,4443.09,10,44430.9,Returned
111946,8547,28,2026-03-12 12:23:15,1198.14,8,9585.12,Returned
111947,8920,221,2026-03-12 11:39:33,72.36,1,72.36,Returned
111948,4723,428,2026-03-12 18:50:40,834.72,3,2504.16,Completed
111949,671,10,2026-03-12 04:59:01,2704.4,6,16226.400000000001,Cancelled
111950,8790,293,2026-03-12 21:13:42,3110.77,9,27996.93,Returned
111951,765,282,2026-03-12 02:58:20,1217.0,4,4868.0,Completed
111952,842,403,2026-03-12 14:24:34,2982.51,3,8947.53,Cancelled
111953,6109,60,2026-03-12 14:29:01,2639.2,6,15835.199999999999,Cancelled
111954,1246,455,2026-03-12 23:15:23,3480.26,5,17401.300000000003,Completed
111955,5511,437,2026-03-12 20:26:06,1640.25,4,6561.0,Completed
111956,6946,404,2026-03-12 03:19:10,258.33,3,774.99,Cancelled
111957,1520,405,2026-03-12 19:17:55,4523.2,5,22616.0,Cancelled
111958,4728,24,2026-03-12 07:01:31,857.06,2,1714.12,Completed
111959,4785,99,2026-03-12 00:19:14,2952.27,8,23618.16,Completed
111960,4958,95,2026-03-12 21:37:29,788.46,2,1576.92,Cancelled
111961,3941,415,2026-03-12 11:41:04,4622.29,3,13866.869999999999,Cancelled
111962,2801,80,2026-03-12 00:31:15,3120.71,1,3120.71,Cancelled
111963,6950,389,2026-03-12 12:41:12,4890.93,3,14672.79,Returned
111964,7953,410,2026-03-12 12:39:12,4950.67,3,14852.01,Cancelled
111965,5985,106,2026-03-12 16:56:25,3977.38,1,3977.38,Cancelled
111966,4822,324,2026-03-12 23:39:33,4920.92,8,39367.36,Completed
111967,1915,406,2026-03-12 21:48:58,4242.36,7,29696.519999999997,Returned
111968,5959,224,2026-03-12 05:43:52,4941.73,2,9883.46,Completed
111969,1394,400,2026-03-12 00:38:51,3085.49,5,15427.449999999999,Completed
111970,7022,303,2026-03-12 18:32:42,4615.1,4,18460.4,Completed
111971,1631,228,2026-03-12 12:19:04,2141.84,9,19276.56,Completed
111972,8827,350,2026-03-12 11:36:15,3585.46,7,25098.22,Returned
111973,2859,378,2026-03-12 19:07:57,3786.11,7,26502.77,Cancelled
111974,4043,59,2026-03-12 04:44:58,2358.92,0,0.0,Completed
111975,10085,182,2026-03-12 22:48:00,1503.0,10,15030.0,Cancelled
111976,2075,352,2026-03-12 17:35:06,1492.28,7,10445.96,Returned
111977,9446,425,2026-03-12 14:00:58,243.31,7,1703.17,Returned
111978,3592,90,2026-03-12 23:13:38,4590.35,4,18361.4,Completed
111979,4496,329,2026-03-12 22:13:06,3236.18,5,16180.9,Completed
111980,8927,103,2026-03-12 05:35:12,4156.83,3,12470.49,Returned
111981,8674,407,2026-03-12 12:16:19,3168.35,9,28515.149999999998,Completed
111982,1151,18,2026-03-12 14:24:20,3544.47,4,14177.88,Cancelled
111983,10074,30,2026-03-12 14:49:04,1741.95,3,5225.85,Completed
111984,8061,336,2026-03-12 23:12:02,1995.92,9,17963.28,Cancelled
111985,9442,56,2026-03-12 10:49:46,1491.61,8,11932.88,Returned
111986,902,293,2026-03-12 06:16:22,3794.71,8,30357.68,Returned
111987,8645,307,2026-03-12 13:05:52,3219.24,6,19315.44,Returned
111988,6202,438,2026-03-12 09:40:34,4686.85,8,37494.8,Cancelled
111989,3459,180,2026-03-12 20:53:50,3801.46,8,30411.68,Completed
111990,4385,406,2026-03-12 11:03:00,4749.27,9,42743.43000000001,Completed
111991,6183,441,2026-03-12 15:16:42,141.54,3,424.62,Returned
111992,267,448,2026-03-12 11:04:11,3238.28,0,0.0,Returned
111993,7160,332,2026-03-12 21:29:16,2987.09,4,11948.36,Returned
111994,2519,168,2026-03-12 02:36:48,1331.24,8,10649.92,Returned
111995,3319,495,2026-03-12 19:32:39,1727.09,0,0.0,Completed
111996,5032,488,2026-03-12 08:18:56,690.32,8,5522.56,Returned
111997,10179,91,2026-03-12 07:40:32,388.33,7,2718.31,Completed
111998,1698,57,2026-03-12 21:23:55,4740.3,9,42662.700000000004,Completed
111999,1640,296,2026-03-12 18:16:46,1018.63,2,2037.26,Returned
112000,990,267,2026-03-12 03:49:35,3124.54,5,15622.7,Cancelled
112001,8886,236,2026-03-12 07:58:03,71.63,4,286.52,Completed
112002,4060,470,2026-03-12 00:12:39,3390.48,5,16952.4,Cancelled
112003,8680,265,2026-03-12 19:45:30,1245.68,8,9965.44,Completed
112004,4539,40,2026-03-12 20:13:15,1013.16,5,5065.8,Cancelled
112005,2883,80,2026-03-12 19:31:42,2518.87,5,12594.349999999999,Returned
112006,9855,199,2026-03-12 09:11:20,4824.63,1,4824.63,Cancelled
112007,6669,461,2026-03-12 15:11:24,4034.97,5,20174.85,Cancelled
112008,9918,469,2026-03-12 04:57:19,1603.31,2,3206.62,Cancelled
112009,1098,63,2026-03-12 04:46:01,569.71,7,3987.9700000000003,Completed
112010,1006,189,2026-03-12 07:43:19,933.11,10,9331.1,Returned
112011,6450,292,2026-03-12 03:57:46,3242.26,3,9726.78,Cancelled
112012,8446,488,2026-03-12 06:30:38,4053.93,2,8107.86,Completed
112013,2284,251,2026-03-12 23:30:26,3188.08,1,3188.08,Cancelled
112014,5710,94,2026-03-12 11:19:05,4300.15,6,25800.899999999998,Cancelled
112015,4719,480,2026-03-12 20:05:06,4047.09,1,4047.09,Returned
112016,1980,120,2026-03-12 07:19:53,151.96,10,1519.6000000000001,Cancelled
112017,9989,407,2026-03-12 23:38:58,1134.22,3,3402.66,Cancelled
112018,7836,311,2026-03-12 11:23:07,2578.79,10,25787.9,Completed
112019,2925,46,2026-03-12 04:16:46,946.5,6,5679.0,Returned
112020,3052,242,2026-03-12 18:35:41,607.91,2,1215.82,Completed
112021,143,89,2026-03-12 05:57:10,4906.37,10,49063.7,Cancelled
112022,9186,387,2026-03-12 09:10:32,4629.6,3,13888.800000000001,Returned
112023,8773,224,2026-03-12 19:18:19,4227.25,8,33818.0,Cancelled
112024,932,120,2026-03-12 01:20:05,3405.5,2,6811.0,Cancelled
112025,3780,359,2026-03-12 03:44:56,645.91,4,2583.64,Cancelled
112026,1500,226,2026-03-12 17:23:01,1851.97,0,0.0,Cancelled
112027,2254,28,2026-03-12 14:46:06,3477.48,2,6954.96,Returned
112028,5143,236,2026-03-12 17:23:49,412.98,2,825.96,Cancelled
112029,8089,248,2026-03-12 04:57:24,1163.42,0,0.0,Cancelled
112030,4070,445,2026-03-12 15:27:23,2572.79,8,20582.32,Cancelled
112031,7910,433,2026-03-12 20:12:41,1377.13,3,4131.39,Cancelled
112032,9335,98,2026-03-12 14:19:10,1102.74,8,8821.92,Completed
112033,731,463,2026-03-12 03:13:03,4855.33,3,14565.99,Completed
112034,1919,371,2026-03-12 19:15:42,1748.21,1,1748.21,Returned
112035,9359,164,2026-03-12 17:44:22,939.46,7,6576.22,Cancelled
112036,5440,405,2026-03-12 01:16:08,436.96,2,873.92,Cancelled
112037,2381,309,2026-03-12 22:07:39,3533.41,5,17667.05,Cancelled
112038,5648,279,2026-03-12 15:28:01,4565.72,6,27394.32,Cancelled
112039,6238,276,2026-03-12 06:44:18,952.51,8,7620.08,Completed
112040,4828,46,2026-03-12 02:16:38,3488.41,3,10465.23,Returned
112041,339,85,2026-03-12 17:49:44,4454.62,5,22273.1,Completed
112042,10382,115,2026-03-12 01:20:24,715.08,5,3575.4,Returned
112043,2435,495,2026-03-12 13:02:11,4420.24,6,26521.44,Completed
112044,2607,12,2026-03-12 04:54:18,84.5,4,338.0,Completed
112045,6983,126,2026-03-12 23:21:58,3425.91,1,3425.91,Cancelled
112046,10205,376,2026-03-12 07:00:35,272.94,0,0.0,Cancelled
112047,6908,95,2026-03-12 06:03:40,3903.11,3,11709.33,Returned
112048,2166,282,2026-03-12 12:49:03,4447.49,9,40027.409999999996,Completed
112049,5816,149,2026-03-12 08:02:40,2556.86,3,7670.58,Cancelled
112050,9799,297,2026-03-12 18:02:34,1017.18,5,5085.9,Completed
112051,1873,190,2026-03-12 14:50:04,1378.49,5,6892.45,Returned
112052,1005,181,2026-03-12 01:36:02,1795.3,4,7181.2,Completed
112053,2365,97,2026-03-12 13:01:05,3246.87,0,0.0,Returned
112054,9665,78,2026-03-12 04:45:48,796.64,2,1593.28,Completed
112055,5824,76,2026-03-12 11:21:30,3362.4,3,10087.2,Completed
112056,9250,175,2026-03-12 19:29:25,1139.85,2,2279.7,Cancelled
112057,1064,117,2026-03-12 17:57:28,754.82,4,3019.28,Returned
112058,3415,471,2026-03-12 12:08:20,1546.21,8,12369.68,Completed
112059,4779,477,2026-03-12 20:09:20,2338.86,1,2338.86,Completed
112060,5397,312,2026-03-12 07:17:17,4719.95,10,47199.5,Completed
112061,323,40,2026-03-12 17:20:55,3240.22,2,6480.44,Cancelled
112062,9801,285,2026-03-12 14:30:24,4818.93,5,24094.65,Cancelled
112063,9671,39,2026-03-12 15:31:47,2646.8,3,7940.400000000001,Completed
112064,5435,170,2026-03-12 13:49:08,2113.31,9,19019.79,Returned
112065,6055,36,2026-03-12 08:41:39,4819.27,7,33734.89,Completed
112066,5842,131,2026-03-12 07:40:01,1137.38,7,7961.660000000001,Completed
112067,4094,367,2026-03-12 21:26:47,2393.44,10,23934.4,Completed
112068,6649,84,2026-03-12 04:04:01,2802.09,6,16812.54,Cancelled
112069,4385,210,2026-03-12 01:32:17,92.81,10,928.1,Cancelled
112070,8477,316,2026-03-12 04:10:36,2151.24,0,0.0,Cancelled
112071,6627,383,2026-03-12 20:35:08,1022.52,10,10225.2,Cancelled
112072,3794,137,2026-03-12 21:22:46,178.84,1,178.84,Completed
112073,4658,118,2026-03-12 14:02:27,3149.91,7,22049.37,Returned
112074,4964,266,2026-03-12 17:19:02,4882.88,0,0.0,Completed
112075,320,313,2026-03-12 13:09:01,2801.6,5,14008.0,Cancelled
112076,4396,298,2026-03-12 18:55:03,2120.24,0,0.0,Completed
112077,1124,101,2026-03-12 03:47:17,4796.31,5,23981.550000000003,Completed
112078,3023,210,2026-03-12 19:46:43,539.95,2,1079.9,Completed
112079,4583,116,2026-03-12 17:48:49,2443.93,0,0.0,Completed
112080,9796,274,2026-03-12 15:03:52,2691.4,6,16148.400000000001,Cancelled
112081,2969,400,2026-03-12 19:27:34,2836.02,7,19852.14,Completed
112082,4426,307,2026-03-12 09:16:36,2744.93,2,5489.86,Returned
112083,3907,72,2026-03-12 03:57:46,1263.4,5,6317.0,Returned
112084,7310,354,2026-03-12 20:35:05,4142.84,8,33142.72,Returned
112085,10000,492,2026-03-12 16:22:43,4762.12,3,14286.36,Cancelled
112086,1863,78,2026-03-12 01:50:51,2801.36,7,19609.52,Returned
112087,3639,318,2026-03-12 20:14:18,1798.65,8,14389.2,Returned
112088,4428,195,2026-03-12 10:28:13,1105.99,6,6635.9400000000005,Returned
112089,1281,280,2026-03-12 18:45:00,1553.38,9,13980.420000000002,Completed
112090,15,110,2026-03-12 17:22:17,382.85,5,1914.25,Cancelled
112091,7187,494,2026-03-12 16:40:20,2203.26,0,0.0,Completed
112092,6077,183,2026-03-12 06:16:41,2679.22,1,2679.22,Cancelled
112093,9693,193,2026-03-12 15:12:48,4332.0,8,34656.0,Cancelled
112094,4189,204,2026-03-12 11:38:19,4296.74,8,34373.92,Cancelled
112095,4882,402,2026-03-12 16:00:18,4008.41,8,32067.28,Completed
112096,7147,349,2026-03-12 19:05:05,3408.49,2,6816.98,Returned
112097,5837,480,2026-03-12 15:39:56,1811.14,8,14489.12,Completed
112098,4897,402,2026-03-12 05:37:49,72.25,5,361.25,Cancelled
112099,2359,195,2026-03-12 16:37:25,2761.05,5,13805.25,Cancelled
112100,2226,105,2026-03-12 00:41:21,1107.92,0,0.0,Cancelled
112101,5486,468,2026-03-12 23:46:00,688.09,2,1376.18,Returned
112102,6662,153,2026-03-12 01:21:10,906.74,2,1813.48,Returned
112103,2799,122,2026-03-12 20:42:09,4540.55,1,4540.55,Completed
112104,10140,101,2026-03-12 20:32:23,3933.3,1,3933.3,Completed
112105,4643,204,2026-03-12 03:54:31,2430.03,2,4860.06,Completed
112106,8661,468,2026-03-12 11:36:17,4094.15,5,20470.75,Completed
112107,5556,390,2026-03-12 05:50:07,3555.55,7,24888.850000000002,Returned
112108,7406,189,2026-03-12 13:12:39,222.65,8,1781.2,Returned
112109,10355,112,2026-03-12 22:52:17,2436.29,5,12181.45,Cancelled
112110,3153,263,2026-03-12 11:52:59,1457.41,0,0.0,Returned
112111,4608,500,2026-03-12 18:33:57,4352.49,8,34819.92,Completed
112112,2236,93,2026-03-12 08:20:52,150.39,5,751.9499999999999,Completed
112113,4851,291,2026-03-12 08:31:01,1640.96,0,0.0,Cancelled
112114,4534,258,2026-03-12 09:48:13,1277.52,1,1277.52,Returned
112115,5377,157,2026-03-12 10:12:18,2490.56,7,17433.92,Cancelled
112116,5910,391,2026-03-12 09:37:50,2238.24,2,4476.48,Completed
112117,6096,424,2026-03-12 20:57:30,3416.11,4,13664.44,Cancelled
112118,6054,428,2026-03-12 21:05:22,3024.82,5,15124.1,Completed
112119,4094,353,2026-03-12 09:03:19,3310.44,3,9931.32,Cancelled
112120,4813,292,2026-03-12 10:25:47,3085.87,2,6171.74,Cancelled
112121,5340,166,2026-03-12 18:47:20,3677.71,7,25743.97,Completed
112122,3479,260,2026-03-12 21:39:27,270.82,10,2708.2,Cancelled
112123,7677,375,2026-03-12 09:18:38,1540.79,7,10785.529999999999,Completed
112124,6056,255,2026-03-12 12:32:35,4721.38,9,42492.42,Completed
112125,1042,341,2026-03-12 14:26:19,1796.16,9,16165.44,Returned
112126,721,252,2026-03-12 12:21:34,1511.95,10,15119.5,Cancelled
112127,9286,478,2026-03-12 10:49:00,1026.38,3,3079.1400000000003,Cancelled
112128,5213,415,2026-03-12 13:31:56,649.27,0,0.0,Completed
112129,2615,286,2026-03-12 02:54:08,4357.1,4,17428.4,Completed
112130,7492,60,2026-03-12 13:55:41,2449.82,8,19598.56,Cancelled
112131,6977,450,2026-03-12 20:30:38,523.93,4,2095.72,Completed
112132,9363,430,2026-03-12 06:10:49,2075.71,3,6227.13,Returned
112133,3619,30,2026-03-12 04:54:44,325.39,3,976.17,Returned
112134,2501,163,2026-03-12 13:20:15,3155.27,6,18931.62,Completed
112135,6595,341,2026-03-12 09:36:17,504.5,7,3531.5,Cancelled
112136,2375,353,2026-03-12 03:28:04,4620.08,3,13860.24,Completed
112137,6207,199,2026-03-12 22:45:08,4846.27,0,0.0,Completed
112138,5684,249,2026-03-12 03:05:39,3878.58,8,31028.64,Cancelled
112139,5443,38,2026-03-12 16:56:26,4670.34,5,23351.7,Completed
112140,1830,449,2026-03-12 01:44:42,1307.86,7,9155.019999999999,Cancelled
112141,9076,246,2026-03-12 14:20:57,2003.67,0,0.0,Cancelled
112142,4041,343,2026-03-12 14:56:23,838.83,1,838.83,Cancelled
112143,6346,236,2026-03-12 23:38:24,1465.92,0,0.0,Returned
112144,1570,178,2026-03-12 21:40:19,2710.15,9,24391.350000000002,Cancelled
112145,3552,210,2026-03-12 08:46:33,3582.48,7,25077.36,Cancelled
112146,2092,278,2026-03-12 18:16:48,1940.29,2,3880.58,Returned
112147,5506,199,2026-03-12 02:49:12,4371.99,7,30603.93,Cancelled
112148,7902,377,2026-03-12 22:36:11,1233.94,2,2467.88,Completed
112149,8942,67,2026-03-12 10:01:46,1387.21,0,0.0,Cancelled
112150,6450,361,2026-03-12 23:38:46,4351.46,6,26108.760000000002,Completed
112151,3438,282,2026-03-12 12:02:48,3189.02,8,25512.16,Completed
112152,3016,393,2026-03-12 11:21:39,343.71,0,0.0,Cancelled
112153,2164,65,2026-03-12 22:36:18,2617.42,5,13087.1,Returned
112154,675,109,2026-03-12 21:07:25,3083.99,7,21587.93,Returned
112155,4658,270,2026-03-12 14:49:30,2457.15,1,2457.15,Returned
112156,9724,234,2026-03-12 09:56:02,1955.26,1,1955.26,Completed
112157,10095,418,2026-03-12 22:04:35,1006.58,4,4026.32,Returned
112158,9938,265,2026-03-12 10:18:22,1540.01,1,1540.01,Completed
112159,382,192,2026-03-12 02:48:24,4878.79,6,29272.739999999998,Completed
112160,9669,354,2026-03-12 21:55:37,3060.19,7,21421.33,Returned
112161,9834,231,2026-03-12 20:08:00,1216.71,3,3650.13,Returned
112162,5586,286,2026-03-12 01:33:59,1402.9,0,0.0,Completed
112163,4997,161,2026-03-12 10:52:57,3267.48,2,6534.96,Cancelled
112164,6931,9,2026-03-12 16:22:44,1755.94,1,1755.94,Returned
112165,7377,82,2026-03-12 22:22:57,611.78,0,0.0,Returned
112166,10346,26,2026-03-12 10:07:58,4928.14,7,34496.98,Cancelled
112167,3174,443,2026-03-12 11:16:50,2263.53,9,20371.77,Returned
112168,7363,170,2026-03-12 18:13:05,1500.27,9,13502.43,Cancelled
112169,2216,73,2026-03-12 05:43:11,110.13,0,0.0,Cancelled
112170,6397,85,2026-03-12 23:35:54,2831.76,7,19822.32,Completed
112171,2916,482,2026-03-12 00:02:55,2384.41,2,4768.82,Cancelled
112172,8022,394,2026-03-12 21:48:21,660.65,3,1981.9499999999998,Completed
112173,2973,40,2026-03-12 22:04:41,4818.23,8,38545.84,Cancelled
112174,9376,79,2026-03-12 19:32:45,4329.08,2,8658.16,Completed
112175,433,258,2026-03-12 22:48:53,281.23,6,1687.38,Completed
112176,508,397,2026-03-12 01:22:59,4424.63,3,13273.89,Returned
112177,2306,386,2026-03-12 14:50:52,1531.94,10,15319.400000000001,Completed
112178,5779,51,2026-03-12 17:44:14,1971.36,5,9856.8,Completed
112179,230,305,2026-03-12 12:13:46,3128.99,3,9386.97,Cancelled
112180,8269,231,2026-03-12 21:47:53,2059.76,3,6179.280000000001,Returned
112181,962,170,2026-03-12 21:23:33,588.6,8,4708.8,Completed
112182,9278,312,2026-03-12 20:48:18,573.46,0,0.0,Cancelled
112183,4349,304,2026-03-12 02:25:41,115.55,3,346.65,Completed
112184,1558,241,2026-03-12 23:03:13,4488.48,7,31419.359999999997,Returned
112185,2425,216,2026-03-12 09:38:27,4040.02,9,36360.18,Completed
112186,5550,51,2026-03-12 07:34:58,1848.39,7,12938.730000000001,Cancelled
112187,9210,51,2026-03-12 23:15:07,640.91,0,0.0,Returned
112188,6383,53,2026-03-12 14:50:26,235.21,6,1411.26,Completed
112189,10032,379,2026-03-12 00:50:26,895.12,2,1790.24,Returned
112190,5108,391,2026-03-12 21:53:03,2614.24,6,15685.439999999999,Cancelled
112191,9979,269,2026-03-12 22:37:20,859.86,4,3439.44,Completed
112192,1753,348,2026-03-12 03:56:19,2643.51,1,2643.51,Completed
112193,7702,31,2026-03-12 16:50:12,4755.74,3,14267.22,Completed
112194,7483,260,2026-03-12 13:59:09,4275.55,8,34204.4,Returned
112195,6380,233,2026-03-12 05:28:59,617.29,7,4321.03,Returned
112196,3765,109,2026-03-12 19:08:37,2577.71,1,2577.71,Completed
112197,8248,499,2026-03-12 03:09:21,4276.89,3,12830.670000000002,Returned
112198,7909,437,2026-03-12 11:31:00,3780.06,1,3780.06,Cancelled
112199,7975,149,2026-03-12 09:31:21,2579.49,3,7738.469999999999,Returned
112200,165,464,2026-03-12 17:25:11,2890.82,8,23126.56,Completed
112201,6885,151,2026-03-12 06:58:57,1728.22,1,1728.22,Completed
112202,2584,207,2026-03-12 18:34:27,4866.44,6,29198.64,Cancelled
112203,10322,28,2026-03-12 20:16:08,48.88,9,439.92,Returned
112204,2469,293,2026-03-12 20:17:16,2830.49,7,19813.43,Completed
112205,8155,8,2026-03-12 16:09:20,2980.64,5,14903.199999999999,Returned
112206,9098,406,2026-03-12 05:46:18,4670.76,8,37366.08,Completed
112207,9739,23,2026-03-12 06:33:31,2604.88,8,20839.04,Completed
112208,6832,103,2026-03-12 01:34:54,1234.75,9,11112.75,Returned
112209,8065,448,2026-03-12 03:15:16,4564.07,6,27384.42,Completed
112210,5216,482,2026-03-12 22:07:56,1097.64,3,3292.92,Returned
112211,9146,388,2026-03-12 15:31:45,1417.87,8,11342.96,Returned
112212,2211,7,2026-03-12 21:30:36,3883.52,8,31068.16,Cancelled
112213,10182,406,2026-03-12 19:55:15,1336.23,6,8017.38,Returned
112214,1169,405,2026-03-12 00:24:25,4733.4,5,23667.0,Returned
112215,1791,99,2026-03-12 18:20:11,4266.53,6,25599.18,Completed
112216,1079,329,2026-03-12 03:08:59,3013.45,3,9040.349999999999,Completed
112217,9026,147,2026-03-12 06:50:35,2363.81,8,18910.48,Returned
112218,4172,23,2026-03-12 14:21:44,815.64,0,0.0,Returned
112219,5468,178,2026-03-12 05:38:54,2935.58,7,20549.059999999998,Completed
112220,2054,289,2026-03-12 18:40:14,2003.79,7,14026.529999999999,Cancelled
112221,7294,294,2026-03-12 23:48:52,1109.34,4,4437.36,Returned
112222,7164,364,2026-03-12 16:05:08,3337.49,0,0.0,Completed
112223,1414,257,2026-03-12 12:40:23,3384.82,1,3384.82,Cancelled
112224,5963,434,2026-03-12 17:29:21,3655.34,5,18276.7,Returned
112225,8009,107,2026-03-12 21:32:04,946.25,6,5677.5,Completed
112226,6418,133,2026-03-12 11:28:54,4978.56,10,49785.600000000006,Returned
112227,1188,314,2026-03-12 10:29:38,2905.36,8,23242.88,Completed
112228,10280,445,2026-03-12 18:27:07,4271.55,7,29900.850000000002,Returned
112229,4547,495,2026-03-12 11:11:33,88.8,5,444.0,Completed
112230,5405,101,2026-03-12 03:24:37,333.33,4,1333.32,Returned
112231,6223,333,2026-03-12 18:11:13,2307.35,9,20766.149999999998,Returned
112232,2439,32,2026-03-12 04:17:33,3424.34,3,10273.02,Returned
112233,9590,175,2026-03-12 11:04:12,4853.08,3,14559.24,Cancelled
112234,9738,145,2026-03-12 08:14:46,981.95,7,6873.650000000001,Completed
112235,9018,168,2026-03-12 23:21:10,1699.26,4,6797.04,Completed
112236,7951,164,2026-03-12 05:25:55,4620.8,5,23104.0,Returned
112237,3090,393,2026-03-12 07:45:48,4712.13,5,23560.65,Completed
112238,8076,330,2026-03-12 09:06:53,3995.22,2,7990.44,Cancelled
112239,7607,480,2026-03-12 05:41:18,4007.54,1,4007.54,Completed
112240,10104,494,2026-03-12 09:57:24,378.3,2,756.6,Returned
112241,4893,309,2026-03-12 05:14:50,804.43,3,2413.29,Returned
112242,7711,143,2026-03-12 00:02:35,469.53,10,4695.299999999999,Cancelled
112243,2159,324,2026-03-12 03:39:00,3044.41,4,12177.64,Returned
112244,6203,149,2026-03-12 22:49:21,4248.23,0,0.0,Cancelled
112245,1591,282,2026-03-12 01:18:56,4911.97,5,24559.850000000002,Returned
112246,1761,153,2026-03-12 12:50:14,2689.45,2,5378.9,Completed
112247,5036,100,2026-03-12 10:16:21,2171.29,1,2171.29,Completed
112248,2059,24,2026-03-12 01:59:26,478.11,7,3346.77,Completed
112249,5201,260,2026-03-12 20:01:13,3770.89,7,26396.23,Cancelled
112250,4620,113,2026-03-12 14:57:20,1818.72,10,18187.2,Cancelled
112251,3419,227,2026-03-12 19:14:29,4119.12,4,16476.48,Returned
112252,236,14,2026-03-12 08:07:59,4256.41,0,0.0,Completed
112253,3427,425,2026-03-12 01:22:53,276.0,9,2484.0,Completed
112254,945,70,2026-03-12 12:50:24,3304.2,1,3304.2,Returned
112255,2051,332,2026-03-12 04:03:31,3312.75,6,19876.5,Returned
112256,9269,142,2026-03-12 18:28:43,466.26,6,2797.56,Returned
112257,2633,139,2026-03-12 17:47:57,4749.53,4,18998.12,Completed
112258,445,488,2026-03-12 21:07:02,1418.43,0,0.0,Returned
112259,1443,166,2026-03-12 16:56:40,4076.17,1,4076.17,Returned
112260,4667,462,2026-03-12 20:25:47,355.8,6,2134.8,Completed
112261,9713,211,2026-03-12 02:44:59,1178.43,5,5892.150000000001,Returned
112262,5393,419,2026-03-12 04:13:18,837.95,2,1675.9,Returned
112263,2839,32,2026-03-12 03:44:44,2458.01,8,19664.08,Returned
112264,8776,222,2026-03-12 23:40:00,4071.59,5,20357.95,Completed
112265,6814,320,2026-03-12 11:34:56,4826.31,6,28957.86,Cancelled
112266,9427,85,2026-03-12 02:57:00,2431.23,3,7293.6900000000005,Cancelled
112267,5187,237,2026-03-12 07:02:35,1779.66,3,5338.9800000000005,Returned
112268,3010,263,2026-03-12 04:25:13,1740.5,10,17405.0,Completed
112269,6773,461,2026-03-12 05:20:26,214.84,2,429.68,Returned
112270,2467,370,2026-03-12 23:06:42,3288.86,9,29599.74,Cancelled
112271,4213,336,2026-03-12 04:14:08,3609.86,5,18049.3,Cancelled
112272,2835,193,2026-03-12 14:43:49,1491.1,0,0.0,Cancelled
112273,8533,342,2026-03-12 05:06:22,3246.57,0,0.0,Returned
112274,7985,386,2026-03-12 02:05:20,3229.82,2,6459.64,Completed
112275,1943,73,2026-03-12 09:51:12,4376.76,0,0.0,Cancelled
112276,9718,338,2026-03-12 16:15:19,242.42,6,1454.52,Returned
112277,4587,282,2026-03-12 13:50:48,56.41,6,338.46,Cancelled
112278,3482,22,2026-03-12 09:18:00,4056.84,9,36511.56,Completed
112279,7143,152,2026-03-12 05:01:06,4752.45,9,42772.049999999996,Cancelled
112280,2280,365,2026-03-12 17:04:10,4546.83,9,40921.47,Cancelled
112281,7481,468,2026-03-12 13:41:17,4000.32,7,28002.24,Returned
112282,1620,97,2026-03-12 17:52:23,3969.82,3,11909.460000000001,Returned
112283,7839,287,2026-03-12 07:11:51,3570.46,3,10711.380000000001,Cancelled
112284,9023,240,2026-03-12 10:06:49,2993.12,2,5986.24,Completed
112285,8197,317,2026-03-12 12:12:27,4447.35,5,22236.75,Cancelled
112286,8950,462,2026-03-12 01:05:58,4081.8,0,0.0,Cancelled
112287,4125,179,2026-03-12 19:09:00,1142.08,2,2284.16,Cancelled
112288,7681,218,2026-03-12 01:19:07,4565.95,9,41093.549999999996,Completed
112289,7992,123,2026-03-12 23:39:22,3373.42,8,26987.36,Cancelled
112290,2782,210,2026-03-12 04:20:46,4294.38,10,42943.8,Cancelled
112291,7752,444,2026-03-12 18:31:50,1090.08,7,7630.5599999999995,Returned
112292,3487,396,2026-03-12 15:35:29,1614.44,9,14529.960000000001,Completed
112293,1484,164,2026-03-12 04:17:53,3456.66,7,24196.62,Returned
112294,2771,186,2026-03-12 18:47:45,1666.32,0,0.0,Completed
112295,9882,45,2026-03-12 06:07:30,3763.29,6,22579.739999999998,Cancelled
112296,10063,58,2026-03-12 22:49:10,4785.4,4,19141.6,Returned
112297,5533,236,2026-03-12 19:13:19,811.13,8,6489.04,Completed
112298,107,177,2026-03-12 17:45:24,4607.23,0,0.0,Cancelled
112299,8877,55,2026-03-12 06:34:53,3365.46,10,33654.6,Returned
112300,9436,194,2026-03-12 19:18:07,3991.85,3,11975.55,Completed
112301,3246,460,2026-03-12 01:28:17,3478.14,0,0.0,Returned
112302,3618,374,2026-03-12 15:52:14,1541.27,3,4623.8099999999995,Returned
112303,7819,382,2026-03-12 15:02:49,3882.54,0,0.0,Returned
