payment_id,order_id,payment_method,payment_amount,payment_status,payment_timestamp
111286,111286,Debit Card,8658.04,failed_network_error,2026-03-12 20:25:03
111287,111287,UPI,4860.61,failed_insufficient_funds,2026-03-12 22:58:24
111288,111288,Debit Card,6761.64,failed_insufficient_funds,2026-03-12 23:45:54
111289,111289,Net Banking,5685.96,failed_network_error,2026-03-12 10:54:58
111290,111290,Debit Card,39724.64,failed_invalid_card,2026-03-12 16:39:28
111291,111291,Net Banking,37604.0,failed_invalid_card,2026-03-12 15:55:34
111292,111292,Credit Card,23122.12,success,2026-03-12 07:36:48
111293,111293,Debit Card,5288.32,failed_network_error,2026-03-12 23:37:02
111294,111294,Net Banking,1854.7,failed_insufficient_funds,2026-03-12 15:00:00
111295,111295,UPI,11056.88,failed_invalid_card,2026-03-12 02:30:02
111296,111296,UPI,9514.74,failed_network_error,2026-03-12 00:48:30
111297,111297,UPI,2227.44,failed_insufficient_funds,2026-03-12 04:39:04
111298,111298,Credit Card,231.92,success,2026-03-12 08:31:09
111299,111299,UPI,9263.84,failed_network_error,2026-03-12 04:32:28
111300,111300,Credit Card,8813.8,failed_invalid_card,2026-03-12 15:20:21
111301,111301,UPI,24706.5,failed_network_error,2026-03-12 09:14:11
111302,111302,Debit Card,30727.44,failed_insufficient_funds,2026-03-12 17:04:43
111303,111303,UPI,8466.65,failed_invalid_card,2026-03-12 19:27:48
111304,111304,Wallet,34024.64,failed_invalid_card,2026-03-12 15:37:38
111305,111305,Wallet,2250.4,success,2026-03-12 12:09:05
111306,111306,Wallet,4116.03,success,2026-03-12 12:07:46
111307,111307,Debit Card,2802.7,success,2026-03-12 10:36:53
111308,111308,Wallet,8097.900000000001,failed_insufficient_funds,2026-03-12 19:54:45
111309,111309,Net Banking,25022.04,success,2026-03-12 17:15:28
111310,111310,Net Banking,851.26,success,2026-03-12 15:34:57
111311,111311,Credit Card,9651.81,failed_insufficient_funds,2026-03-12 02:55:57
111312,111312,Debit Card,24320.94,failed_insufficient_funds,2026-03-12 05:06:06
111313,111313,Credit Card,2044.28,failed_insufficient_funds,2026-03-12 02:09:18
111314,111314,Net Banking,17727.12,failed_insufficient_funds,2026-03-12 02:32:46
111315,111315,UPI,2801.18,success,2026-03-12 04:55:30
111316,111316,Net Banking,10968.55,success,2026-03-12 06:20:31
111317,111317,UPI,6930.74,failed_insufficient_funds,2026-03-12 07:40:08
111318,111318,Net Banking,7028.22,failed_insufficient_funds,2026-03-12 16:23:02
111319,111319,Debit Card,0.0,failed_insufficient_funds,2026-03-12 13:43:09
111320,111320,Credit Card,18393.85,success,2026-03-12 03:32:01
111321,111321,Net Banking,9894.0,success,2026-03-12 05:49:46
111322,111322,Net Banking,717.39,success,2026-03-12 22:45:15
111323,111323,Wallet,0.0,failed_invalid_card,2026-03-12 21:14:48
111324,111324,UPI,2443.11,failed_insufficient_funds,2026-03-12 10:20:17
111325,111325,UPI,19751.64,failed_network_error,2026-03-12 03:07:23
111326,111326,UPI,11736.16,failed_invalid_card,2026-03-12 10:19:33
111327,111327,Wallet,428.33,success,2026-03-12 02:26:56
111328,111328,UPI,21106.08,failed_insufficient_funds,2026-03-12 07:52:05
111329,111329,Debit Card,33811.65,success,2026-03-12 05:54:39
111330,111330,UPI,3832.9,success,2026-03-12 23:39:32
111331,111331,Debit Card,19970.92,failed_network_error,2026-03-12 08:08:03
111332,111332,Wallet,34697.04,failed_network_error,2026-03-12 22:13:23
111333,111333,Credit Card,14050.8,failed_network_error,2026-03-12 07:33:59
111334,111334,Net Banking,3093.7200000000003,failed_insufficient_funds,2026-03-12 20:14:04
111335,111335,Debit Card,11501.460000000001,success,2026-03-12 08:38:11
111336,111336,Net Banking,37160.32,success,2026-03-12 02:55:03
111337,111337,Debit Card,20606.4,success,2026-03-12 22:49:58
111338,111338,Credit Card,25943.159999999996,failed_network_error,2026-03-12 18:06:59
111339,111339,Debit Card,25637.879999999997,success,2026-03-12 12:34:42
111340,111340,UPI,3300.84,failed_network_error,2026-03-12 22:31:31
111341,111341,UPI,11170.92,failed_invalid_card,2026-03-12 06:44:01
111342,111342,Credit Card,0.0,success,2026-03-12 17:10:53
111343,111343,Net Banking,6047.52,failed_invalid_card,2026-03-12 14:29:20
111344,111344,Credit Card,319.71,failed_network_error,2026-03-12 14:13:14
111345,111345,Wallet,1077.54,failed_network_error,2026-03-12 18:10:35
111346,111346,Net Banking,4244.400000000001,success,2026-03-12 05:00:00
111347,111347,Debit Card,5539.52,failed_insufficient_funds,2026-03-12 07:44:30
111348,111348,UPI,3492.1499999999996,failed_invalid_card,2026-03-12 08:00:31
111349,111349,Net Banking,11505.99,success,2026-03-12 00:18:21
111350,111350,Net Banking,0.0,failed_invalid_card,2026-03-12 09:07:53
111351,111351,Debit Card,0.0,failed_network_error,2026-03-12 12:07:03
111352,111352,Credit Card,11698.56,failed_insufficient_funds,2026-03-12 11:50:37
111353,111353,Wallet,8867.0,success,2026-03-12 10:15:54
111354,111354,Credit Card,16649.52,failed_insufficient_funds,2026-03-12 06:14:43
111355,111355,Net Banking,24184.16,failed_invalid_card,2026-03-12 20:39:53
111356,111356,Wallet,9091.54,failed_invalid_card,2026-03-12 08:13:15
111357,111357,Credit Card,1341.05,failed_insufficient_funds,2026-03-12 01:19:24
111358,111358,Debit Card,27061.5,failed_network_error,2026-03-12 19:04:43
111359,111359,Wallet,0.0,failed_invalid_card,2026-03-12 02:25:13
111360,111360,Debit Card,3361.87,success,2026-03-12 20:46:01
111361,111361,Net Banking,25382.56,failed_network_error,2026-03-12 23:28:57
111362,111362,Net Banking,9207.44,success,2026-03-12 21:40:54
111363,111363,Credit Card,18363.68,failed_invalid_card,2026-03-12 00:36:28
111364,111364,UPI,40682.8,failed_invalid_card,2026-03-12 10:08:54
111365,111365,Debit Card,36402.88,failed_insufficient_funds,2026-03-12 09:04:52
111366,111366,Credit Card,9684.900000000001,failed_network_error,2026-03-12 21:03:05
111367,111367,UPI,33762.329999999994,success,2026-03-12 03:39:11
111368,111368,Credit Card,5462.04,failed_insufficient_funds,2026-03-12 03:27:46
111369,111369,Net Banking,7174.2300000000005,failed_insufficient_funds,2026-03-12 12:56:40
111370,111370,UPI,1030.93,success,2026-03-12 17:10:15
111371,111371,Net Banking,17801.75,failed_insufficient_funds,2026-03-12 10:48:01
111372,111372,UPI,11342.94,failed_insufficient_funds,2026-03-12 04:30:37
111373,111373,UPI,37223.909999999996,failed_invalid_card,2026-03-12 23:27:30
111374,111374,Credit Card,2262.51,success,2026-03-12 06:35:28
111375,111375,Credit Card,19568.75,success,2026-03-12 12:48:08
111376,111376,Wallet,11928.6,failed_invalid_card,2026-03-12 12:41:14
111377,111377,Net Banking,2410.52,failed_invalid_card,2026-03-12 21:19:54
111378,111378,UPI,11226.04,failed_invalid_card,2026-03-12 16:29:36
111379,111379,Wallet,23576.22,failed_network_error,2026-03-12 19:10:20
111380,111380,Debit Card,507.83,failed_insufficient_funds,2026-03-12 17:01:31
111381,111381,UPI,27916.28,failed_insufficient_funds,2026-03-12 10:12:39
111382,111382,Net Banking,1194.88,success,2026-03-12 08:01:34
111383,111383,UPI,21792.600000000002,failed_insufficient_funds,2026-03-12 00:04:04
111384,111384,Net Banking,6828.450000000001,failed_insufficient_funds,2026-03-12 17:46:50
111385,111385,Net Banking,27210.840000000004,failed_insufficient_funds,2026-03-12 11:34:09
111386,111386,Net Banking,1273.86,failed_insufficient_funds,2026-03-12 08:04:08
111387,111387,Net Banking,44783.73,failed_network_error,2026-03-12 16:48:42
111388,111388,Net Banking,11194.02,failed_invalid_card,2026-03-12 05:30:32
111389,111389,Debit Card,8970.2,failed_invalid_card,2026-03-12 22:50:22
111390,111390,Credit Card,23758.38,failed_insufficient_funds,2026-03-12 10:30:01
111391,111391,Debit Card,3935.26,success,2026-03-12 15:10:15
111392,111392,Net Banking,5901.900000000001,success,2026-03-12 07:02:03
111393,111393,Debit Card,12562.32,failed_invalid_card,2026-03-12 00:15:14
111394,111394,Debit Card,35641.799999999996,failed_invalid_card,2026-03-12 01:31:06
111395,111395,Wallet,0.0,failed_invalid_card,2026-03-12 06:39:12
111396,111396,Credit Card,4628.78,success,2026-03-12 07:06:21
111397,111397,Wallet,12912.4,failed_network_error,2026-03-12 23:44:35
111398,111398,Wallet,34070.96,success,2026-03-12 22:20:05
111399,111399,Wallet,5283.4800000000005,failed_invalid_card,2026-03-12 03:53:23
111400,111400,Net Banking,7209.599999999999,failed_network_error,2026-03-12 05:05:17
111401,111401,Credit Card,24228.75,failed_insufficient_funds,2026-03-12 23:09:37
111402,111402,Wallet,48160.100000000006,success,2026-03-12 16:20:25
111403,111403,UPI,0.0,failed_network_error,2026-03-12 21:45:03
111404,111404,Credit Card,4829.28,failed_network_error,2026-03-12 14:12:23
111405,111405,Wallet,36448.5,failed_insufficient_funds,2026-03-12 17:39:55
111406,111406,Wallet,1111.5,failed_invalid_card,2026-03-12 22:35:52
111407,111407,Credit Card,3002.68,failed_network_error,2026-03-12 04:01:29
111408,111408,Credit Card,38728.71,failed_network_error,2026-03-12 07:08:59
111409,111409,Debit Card,11550.64,failed_network_error,2026-03-12 12:05:16
111410,111410,UPI,14906.96,success,2026-03-12 06:22:19
111411,111411,Wallet,1257.96,failed_insufficient_funds,2026-03-12 21:47:54
111412,111412,Wallet,3694.76,failed_invalid_card,2026-03-12 16:01:37
111413,111413,Net Banking,2051.46,failed_invalid_card,2026-03-12 07:45:57
111414,111414,Credit Card,0.0,success,2026-03-12 09:53:46
111415,111415,Credit Card,3180.2,success,2026-03-12 07:51:53
111416,111416,UPI,7120.259999999999,failed_insufficient_funds,2026-03-12 23:47:20
111417,111417,Net Banking,13440.16,failed_invalid_card,2026-03-12 10:11:32
111418,111418,UPI,29973.28,failed_invalid_card,2026-03-12 11:37:36
111419,111419,Credit Card,0.0,failed_invalid_card,2026-03-12 14:48:18
111420,111420,Debit Card,23389.3,failed_invalid_card,2026-03-12 01:29:36
111421,111421,UPI,10669.619999999999,failed_invalid_card,2026-03-12 23:18:04
111422,111422,Wallet,48220.100000000006,failed_invalid_card,2026-03-12 23:09:46
111423,111423,Net Banking,9184.400000000001,failed_invalid_card,2026-03-12 15:53:58
111424,111424,Credit Card,10428.11,failed_network_error,2026-03-12 18:21:56
111425,111425,UPI,0.0,failed_network_error,2026-03-12 22:51:39
111426,111426,UPI,9938.46,failed_network_error,2026-03-12 18:48:00
111427,111427,Net Banking,32939.6,failed_insufficient_funds,2026-03-12 08:39:35
111428,111428,Debit Card,8258.7,failed_network_error,2026-03-12 02:29:24
111429,111429,Debit Card,0.0,failed_insufficient_funds,2026-03-12 00:49:06
111430,111430,Credit Card,33372.3,failed_insufficient_funds,2026-03-12 22:07:35
111431,111431,Net Banking,25467.61,success,2026-03-12 16:27:46
111432,111432,Net Banking,20419.2,success,2026-03-12 14:59:53
111433,111433,UPI,11760.35,failed_insufficient_funds,2026-03-12 19:36:40
111434,111434,Credit Card,22896.86,failed_network_error,2026-03-12 08:53:59
111435,111435,Credit Card,1639.12,success,2026-03-12 06:49:13
111436,111436,Credit Card,3517.68,success,2026-03-12 05:18:09
111437,111437,Net Banking,10521.18,failed_insufficient_funds,2026-03-12 01:32:33
111438,111438,Credit Card,16884.4,failed_insufficient_funds,2026-03-12 12:54:09
111439,111439,UPI,7209.14,failed_network_error,2026-03-12 01:50:02
111440,111440,UPI,36791.6,failed_network_error,2026-03-12 02:40:13
111441,111441,Debit Card,18687.2,failed_insufficient_funds,2026-03-12 21:25:47
111442,111442,Wallet,9088.56,failed_insufficient_funds,2026-03-12 15:48:18
111443,111443,Credit Card,805.32,success,2026-03-12 10:22:32
111444,111444,Net Banking,38761.92,failed_network_error,2026-03-12 12:21:41
111445,111445,Wallet,44908.0,failed_network_error,2026-03-12 09:14:58
111446,111446,Wallet,17681.9,failed_network_error,2026-03-12 11:20:30
111447,111447,Net Banking,47009.3,failed_network_error,2026-03-12 16:31:12
111448,111448,UPI,28490.64,failed_network_error,2026-03-12 05:04:25
111449,111449,Net Banking,21647.289999999997,success,2026-03-12 09:46:03
111450,111450,Wallet,7872.22,failed_invalid_card,2026-03-12 06:47:36
111451,111451,Wallet,31837.77,failed_network_error,2026-03-12 21:22:27
111452,111452,Wallet,24823.800000000003,failed_invalid_card,2026-03-12 19:23:18
111453,111453,UPI,205.53000000000003,failed_network_error,2026-03-12 22:42:41
111454,111454,Wallet,4643.52,failed_invalid_card,2026-03-12 02:35:49
111455,111455,Wallet,687.08,failed_network_error,2026-03-12 21:17:34
111456,111456,Net Banking,11148.480000000001,failed_insufficient_funds,2026-03-12 14:14:23
111457,111457,UPI,2759.26,failed_network_error,2026-03-12 01:56:39
111458,111458,Credit Card,27503.68,success,2026-03-12 05:27:48
111459,111459,Wallet,18537.12,failed_insufficient_funds,2026-03-12 20:21:14
111460,111460,Wallet,38841.48,failed_network_error,2026-03-12 19:48:48
111461,111461,Credit Card,43995.78,failed_network_error,2026-03-12 17:40:26
111462,111462,Net Banking,25291.0,failed_invalid_card,2026-03-12 21:29:27
111463,111463,Net Banking,30938.24,failed_insufficient_funds,2026-03-12 07:05:21
111464,111464,Net Banking,32621.329999999998,failed_invalid_card,2026-03-12 22:04:09
111465,111465,Debit Card,6140.299999999999,failed_network_error,2026-03-12 11:56:54
111466,111466,Debit Card,3197.3,success,2026-03-12 02:15:34
111467,111467,Wallet,0.0,failed_insufficient_funds,2026-03-12 10:29:42
111468,111468,UPI,35069.68,failed_network_error,2026-03-12 23:11:50
111469,111469,Credit Card,2914.8,failed_insufficient_funds,2026-03-12 10:24:55
111470,111470,Credit Card,4140.12,failed_invalid_card,2026-03-12 06:41:21
111471,111471,Debit Card,7327.530000000001,success,2026-03-12 05:35:33
111472,111472,Credit Card,1609.4,success,2026-03-12 17:06:18
111473,111473,Wallet,35214.840000000004,failed_network_error,2026-03-12 19:25:18
111474,111474,UPI,22364.789999999997,success,2026-03-12 04:22:30
111475,111475,Net Banking,11707.6,failed_network_error,2026-03-12 02:39:16
111476,111476,Debit Card,13727.2,failed_network_error,2026-03-12 22:33:21
111477,111477,Debit Card,21571.97,failed_invalid_card,2026-03-12 08:02:55
111478,111478,Credit Card,0.0,failed_network_error,2026-03-12 13:16:47
111479,111479,UPI,0.0,success,2026-03-12 23:47:20
111480,111480,Credit Card,16908.300000000003,success,2026-03-12 16:59:38
111481,111481,Net Banking,4307.56,failed_network_error,2026-03-12 04:34:02
111482,111482,Credit Card,20320.7,failed_network_error,2026-03-12 18:24:52
111483,111483,Net Banking,14561.32,failed_network_error,2026-03-12 11:59:05
111484,111484,UPI,605.91,success,2026-03-12 12:35:07
111485,111485,Credit Card,0.0,failed_insufficient_funds,2026-03-12 12:51:39
111486,111486,UPI,10373.48,failed_invalid_card,2026-03-12 12:30:25
111487,111487,Debit Card,22826.9,failed_network_error,2026-03-12 00:11:43
111488,111488,Credit Card,2427.0299999999997,failed_invalid_card,2026-03-12 08:38:39
111489,111489,UPI,18921.35,failed_insufficient_funds,2026-03-12 21:18:11
111490,111490,UPI,11907.48,failed_invalid_card,2026-03-12 00:41:03
111491,111491,Credit Card,798.1200000000001,success,2026-03-12 10:13:44
111492,111492,Net Banking,2642.5,success,2026-03-12 20:07:14
111493,111493,Wallet,2781.6000000000004,failed_network_error,2026-03-12 08:23:44
111494,111494,Debit Card,10855.48,failed_invalid_card,2026-03-12 11:01:41
111495,111495,Net Banking,27941.44,failed_insufficient_funds,2026-03-12 23:11:15
111496,111496,Wallet,3633.47,failed_insufficient_funds,2026-03-12 18:39:11
111497,111497,Net Banking,2021.86,failed_network_error,2026-03-12 21:42:31
111498,111498,Wallet,16615.5,failed_insufficient_funds,2026-03-12 02:18:39
111499,111499,UPI,5396.13,failed_insufficient_funds,2026-03-12 07:00:14
111500,111500,Net Banking,0.0,failed_insufficient_funds,2026-03-12 20:45:21
111501,111501,UPI,11140.0,failed_network_error,2026-03-12 20:05:35
111502,111502,Net Banking,0.0,failed_invalid_card,2026-03-12 17:42:13
111503,111503,UPI,30875.49,success,2026-03-12 10:22:06
111504,111504,Net Banking,27356.399999999998,success,2026-03-12 19:53:56
111505,111505,Debit Card,194.14,failed_insufficient_funds,2026-03-12 12:14:14
111506,111506,Credit Card,15373.36,failed_insufficient_funds,2026-03-12 11:21:06
111507,111507,Wallet,22.06,failed_network_error,2026-03-12 13:15:39
111508,111508,Net Banking,7420.46,success,2026-03-12 09:29:32
111509,111509,Debit Card,20613.3,failed_insufficient_funds,2026-03-12 11:29:05
111510,111510,Credit Card,25204.0,failed_insufficient_funds,2026-03-12 16:35:50
111511,111511,UPI,190.86,failed_network_error,2026-03-12 17:25:22
111512,111512,Debit Card,24275.12,success,2026-03-12 17:41:03
111513,111513,UPI,22754.75,failed_insufficient_funds,2026-03-12 11:11:25
111514,111514,Net Banking,1619.8500000000001,success,2026-03-12 01:21:35
111515,111515,Wallet,11712.470000000001,failed_insufficient_funds,2026-03-12 20:53:49
111516,111516,UPI,17124.55,failed_invalid_card,2026-03-12 09:35:39
111517,111517,UPI,44879.31,failed_network_error,2026-03-12 07:37:02
111518,111518,Debit Card,8563.4,failed_insufficient_funds,2026-03-12 00:03:17
111519,111519,UPI,5452.96,success,2026-03-12 00:10:03
111520,111520,Debit Card,31986.359999999997,failed_invalid_card,2026-03-12 00:42:51
111521,111521,Debit Card,11072.130000000001,success,2026-03-12 06:05:48
111522,111522,Net Banking,0.0,failed_insufficient_funds,2026-03-12 10:07:43
111523,111523,Wallet,40377.51,failed_insufficient_funds,2026-03-12 12:22:04
111524,111524,Credit Card,8846.28,failed_insufficient_funds,2026-03-12 11:49:51
111525,111525,Net Banking,0.0,success,2026-03-12 19:18:22
111526,111526,Debit Card,26615.340000000004,failed_network_error,2026-03-12 08:12:29
111527,111527,Wallet,30561.859999999997,failed_network_error,2026-03-12 15:47:18
111528,111528,UPI,12362.28,failed_invalid_card,2026-03-12 03:59:18
111529,111529,Credit Card,2159.65,failed_insufficient_funds,2026-03-12 22:16:54
111530,111530,UPI,41712.799999999996,success,2026-03-12 06:46:37
111531,111531,Net Banking,14581.75,success,2026-03-12 12:11:20
111532,111532,Credit Card,0.0,failed_invalid_card,2026-03-12 19:20:48
111533,111533,UPI,7407.95,failed_insufficient_funds,2026-03-12 11:49:55
111534,111534,Net Banking,0.0,failed_insufficient_funds,2026-03-12 04:39:23
111535,111535,Credit Card,13466.56,success,2026-03-12 15:49:16
111536,111536,Debit Card,16408.350000000002,success,2026-03-12 10:45:50
111537,111537,Net Banking,10993.16,failed_network_error,2026-03-12 12:50:10
111538,111538,Wallet,8516.43,failed_network_error,2026-03-12 11:45:01
111539,111539,UPI,15079.12,failed_invalid_card,2026-03-12 23:17:54
111540,111540,Wallet,8585.84,failed_invalid_card,2026-03-12 06:56:52
111541,111541,Debit Card,35481.44,failed_network_error,2026-03-12 10:52:06
111542,111542,Debit Card,3290.7599999999998,success,2026-03-12 21:33:14
111543,111543,Net Banking,4370.2,failed_network_error,2026-03-12 08:37:24
111544,111544,Net Banking,15944.92,success,2026-03-12 00:02:44
111545,111545,UPI,6475.0,failed_insufficient_funds,2026-03-12 23:54:26
111546,111546,Wallet,4083.8999999999996,failed_insufficient_funds,2026-03-12 21:04:12
111547,111547,Debit Card,0.0,failed_insufficient_funds,2026-03-12 09:44:47
111548,111548,Debit Card,0.0,failed_network_error,2026-03-12 13:23:05
111549,111549,UPI,20755.9,failed_network_error,2026-03-12 23:06:50
111550,111550,Debit Card,19232.56,failed_invalid_card,2026-03-12 13:03:28
111551,111551,Wallet,76.52,success,2026-03-12 01:04:43
111552,111552,Wallet,15565.36,failed_network_error,2026-03-12 06:28:00
111553,111553,UPI,2520.8999999999996,success,2026-03-12 05:13:59
111554,111554,Net Banking,14754.8,failed_insufficient_funds,2026-03-12 17:30:20
111555,111555,Net Banking,16294.6,failed_invalid_card,2026-03-12 15:02:36
111556,111556,Debit Card,19991.8,failed_network_error,2026-03-12 09:05:45
111557,111557,Credit Card,12596.400000000001,success,2026-03-12 23:48:07
111558,111558,Net Banking,20930.5,success,2026-03-12 04:43:22
111559,111559,Debit Card,27658.260000000002,success,2026-03-12 17:05:55
111560,111560,Credit Card,13390.619999999999,failed_invalid_card,2026-03-12 07:50:38
111561,111561,Debit Card,6546.36,failed_insufficient_funds,2026-03-12 15:48:23
111562,111562,UPI,9090.4,failed_network_error,2026-03-12 21:10:02
111563,111563,Net Banking,0.0,success,2026-03-12 03:17:09
111564,111564,Wallet,2045.0,failed_insufficient_funds,2026-03-12 17:04:54
111565,111565,Net Banking,6470.17,success,2026-03-12 15:55:30
111566,111566,UPI,11226.0,failed_invalid_card,2026-03-12 06:52:46
111567,111567,Debit Card,45732.700000000004,failed_insufficient_funds,2026-03-12 07:44:24
111568,111568,UPI,20030.5,failed_network_error,2026-03-12 23:41:12
111569,111569,UPI,6919.92,failed_invalid_card,2026-03-12 09:33:57
111570,111570,UPI,17507.12,failed_insufficient_funds,2026-03-12 14:56:28
111571,111571,Credit Card,685.84,failed_insufficient_funds,2026-03-12 16:51:14
111572,111572,UPI,2449.77,failed_invalid_card,2026-03-12 03:35:13
111573,111573,Debit Card,0.0,failed_insufficient_funds,2026-03-12 00:56:38
111574,111574,Wallet,16059.08,success,2026-03-12 07:06:12
111575,111575,UPI,24629.850000000002,failed_insufficient_funds,2026-03-12 19:08:54
111576,111576,Wallet,3940.68,success,2026-03-12 21:14:57
111577,111577,Wallet,42058.44,failed_invalid_card,2026-03-12 17:22:44
111578,111578,Net Banking,9122.26,success,2026-03-12 17:29:35
111579,111579,Debit Card,21569.04,failed_invalid_card,2026-03-12 05:26:48
111580,111580,Net Banking,0.0,failed_network_error,2026-03-12 18:57:02
111581,111581,Wallet,20370.4,success,2026-03-12 07:18:00
111582,111582,Credit Card,13200.0,failed_insufficient_funds,2026-03-12 06:48:46
111583,111583,UPI,13404.8,failed_insufficient_funds,2026-03-12 06:14:53
111584,111584,UPI,709.3000000000001,failed_network_error,2026-03-12 23:07:35
111585,111585,Net Banking,12920.52,failed_invalid_card,2026-03-12 03:49:30
111586,111586,Credit Card,14206.32,success,2026-03-12 21:29:57
111587,111587,Net Banking,2333.91,failed_invalid_card,2026-03-12 02:40:16
111588,111588,Wallet,20710.0,failed_network_error,2026-03-12 15:26:34
111589,111589,Credit Card,21535.149999999998,success,2026-03-12 18:41:56
111590,111590,Debit Card,43167.399999999994,failed_network_error,2026-03-12 13:54:13
111591,111591,Net Banking,42695.7,failed_network_error,2026-03-12 10:26:19
111592,111592,Net Banking,21089.699999999997,success,2026-03-12 04:31:28
111593,111593,UPI,23494.52,failed_invalid_card,2026-03-12 07:05:19
111594,111594,Net Banking,7433.54,failed_invalid_card,2026-03-12 09:07:09
111595,111595,Wallet,28607.68,failed_invalid_card,2026-03-12 03:07:35
111596,111596,Net Banking,17640.9,success,2026-03-12 10:13:02
111597,111597,Net Banking,1058.1899999999998,failed_network_error,2026-03-12 22:15:31
111598,111598,Credit Card,14857.88,failed_network_error,2026-03-12 07:48:52
111599,111599,Credit Card,1103.82,failed_insufficient_funds,2026-03-12 04:12:26
111600,111600,Wallet,5927.2,failed_network_error,2026-03-12 14:11:08
111601,111601,Debit Card,10155.69,failed_insufficient_funds,2026-03-12 08:22:31
111602,111602,Debit Card,8584.76,failed_network_error,2026-03-12 09:10:56
111603,111603,Wallet,8487.48,failed_invalid_card,2026-03-12 22:28:26
111604,111604,UPI,25194.1,failed_invalid_card,2026-03-12 14:20:05
111605,111605,Wallet,27647.2,failed_invalid_card,2026-03-12 20:38:00
111606,111606,Net Banking,4667.19,success,2026-03-12 09:34:04
111607,111607,Net Banking,11290.74,success,2026-03-12 14:14:38
111608,111608,Net Banking,18804.0,failed_invalid_card,2026-03-12 21:55:24
111609,111609,Net Banking,16440.18,failed_network_error,2026-03-12 17:29:42
111610,111610,Wallet,2588.73,failed_network_error,2026-03-12 11:37:24
111611,111611,Wallet,8034.54,failed_insufficient_funds,2026-03-12 17:49:33
111612,111612,Net Banking,15664.050000000001,failed_invalid_card,2026-03-12 23:17:08
111613,111613,Net Banking,13035.26,failed_network_error,2026-03-12 21:33:46
111614,111614,UPI,12985.599999999999,failed_insufficient_funds,2026-03-12 18:33:04
111615,111615,Wallet,13620.900000000001,failed_insufficient_funds,2026-03-12 23:48:12
111616,111616,UPI,27580.5,failed_network_error,2026-03-12 23:15:40
111617,111617,UPI,7653.69,failed_network_error,2026-03-12 10:12:46
111618,111618,Credit Card,3188.16,failed_insufficient_funds,2026-03-12 18:47:13
111619,111619,UPI,17416.920000000002,failed_network_error,2026-03-12 08:16:28
111620,111620,UPI,3159.91,failed_invalid_card,2026-03-12 14:47:14
111621,111621,Wallet,35608.9,failed_network_error,2026-03-12 16:18:57
111622,111622,Wallet,2993.95,failed_invalid_card,2026-03-12 16:28:38
111623,111623,UPI,21252.48,failed_insufficient_funds,2026-03-12 15:13:05
111624,111624,Wallet,27399.1,failed_invalid_card,2026-03-12 21:12:02
111625,111625,Net Banking,2505.99,failed_invalid_card,2026-03-12 00:59:20
111626,111626,UPI,0.0,failed_invalid_card,2026-03-12 02:58:32
111627,111627,Credit Card,33310.41,failed_network_error,2026-03-12 15:28:59
111628,111628,Wallet,28450.72,failed_insufficient_funds,2026-03-12 11:25:53
111629,111629,UPI,26867.600000000002,failed_network_error,2026-03-12 03:49:29
111630,111630,Debit Card,2454.16,failed_network_error,2026-03-12 19:12:45
111631,111631,Wallet,2933.98,failed_network_error,2026-03-12 02:28:47
111632,111632,Debit Card,2001.2,failed_network_error,2026-03-12 13:14:41
111633,111633,Net Banking,16030.699999999999,failed_invalid_card,2026-03-12 16:43:55
111634,111634,Debit Card,12186.6,failed_insufficient_funds,2026-03-12 14:20:06
111635,111635,Credit Card,0.0,failed_invalid_card,2026-03-12 08:59:46
111636,111636,Debit Card,2349.6,success,2026-03-12 09:50:00
111637,111637,Net Banking,0.0,failed_insufficient_funds,2026-03-12 17:24:15
111638,111638,Debit Card,2193.84,failed_network_error,2026-03-12 09:22:31
111639,111639,Credit Card,4292.92,failed_network_error,2026-03-12 13:42:10
111640,111640,Debit Card,21564.0,failed_invalid_card,2026-03-12 15:21:11
111641,111641,Credit Card,19408.62,success,2026-03-12 10:07:43
111642,111642,Net Banking,10858.900000000001,failed_network_error,2026-03-12 00:21:50
111643,111643,Net Banking,30581.950000000004,failed_network_error,2026-03-12 00:16:13
111644,111644,UPI,0.0,success,2026-03-12 10:24:01
111645,111645,Debit Card,4327.5,success,2026-03-12 12:45:35
111646,111646,Debit Card,3138.22,success,2026-03-12 17:06:54
111647,111647,Credit Card,12474.150000000001,failed_insufficient_funds,2026-03-12 08:22:49
111648,111648,Debit Card,7653.28,failed_network_error,2026-03-12 16:59:08
111649,111649,Wallet,16040.64,success,2026-03-12 04:59:51
111650,111650,UPI,5788.2,failed_invalid_card,2026-03-12 21:05:56
111651,111651,Net Banking,1677.56,failed_network_error,2026-03-12 14:42:49
111652,111652,Debit Card,18358.6,failed_invalid_card,2026-03-12 05:59:55
111653,111653,Credit Card,630.05,failed_insufficient_funds,2026-03-12 21:41:07
111654,111654,Wallet,0.0,success,2026-03-12 00:07:15
111655,111655,Wallet,4719.36,failed_insufficient_funds,2026-03-12 10:44:27
111656,111656,Debit Card,23126.53,failed_insufficient_funds,2026-03-12 13:43:16
111657,111657,Net Banking,0.0,failed_network_error,2026-03-12 15:58:12
111658,111658,Wallet,17482.08,failed_insufficient_funds,2026-03-12 23:14:33
111659,111659,Net Banking,18263.04,success,2026-03-12 18:03:28
111660,111660,Debit Card,4896.27,failed_invalid_card,2026-03-12 16:21:08
111661,111661,Wallet,22133.0,failed_network_error,2026-03-12 17:08:55
111662,111662,Debit Card,0.0,success,2026-03-12 22:49:09
111663,111663,Net Banking,14849.68,success,2026-03-12 05:09:36
111664,111664,Wallet,21744.72,success,2026-03-12 05:00:31
111665,111665,UPI,30950.0,failed_invalid_card,2026-03-12 13:27:02
111666,111666,UPI,301.36,failed_invalid_card,2026-03-12 09:42:11
111667,111667,Debit Card,4613.69,failed_network_error,2026-03-12 21:55:34
111668,111668,Credit Card,0.0,failed_insufficient_funds,2026-03-12 13:05:50
111669,111669,Net Banking,0.0,failed_insufficient_funds,2026-03-12 05:14:19
111670,111670,UPI,11111.0,success,2026-03-12 03:03:58
111671,111671,Debit Card,29038.95,failed_invalid_card,2026-03-12 02:35:16
111672,111672,Net Banking,40330.3,failed_invalid_card,2026-03-12 06:07:55
111673,111673,UPI,750.42,failed_insufficient_funds,2026-03-12 09:08:37
111674,111674,Debit Card,12654.75,failed_network_error,2026-03-12 20:03:18
111675,111675,Wallet,21539.91,failed_invalid_card,2026-03-12 06:41:44
111676,111676,Credit Card,9117.12,failed_insufficient_funds,2026-03-12 16:18:03
111677,111677,Net Banking,5959.48,failed_invalid_card,2026-03-12 23:41:51
111678,111678,Credit Card,21480.97,failed_network_error,2026-03-12 13:23:03
111679,111679,Debit Card,18894.52,failed_insufficient_funds,2026-03-12 15:47:57
111680,111680,UPI,29009.159999999996,failed_network_error,2026-03-12 10:53:22
111681,111681,Credit Card,25828.379999999997,success,2026-03-12 23:53:24
111682,111682,Credit Card,16155.36,success,2026-03-12 19:03:01
111683,111683,Wallet,9348.02,success,2026-03-12 16:31:55
111684,111684,Net Banking,0.0,failed_invalid_card,2026-03-12 23:34:11
111685,111685,Net Banking,12734.849999999999,failed_invalid_card,2026-03-12 03:28:11
111686,111686,Debit Card,5294.68,failed_network_error,2026-03-12 05:37:17
111687,111687,Net Banking,7077.3,failed_insufficient_funds,2026-03-12 17:48:11
111688,111688,Credit Card,49352.799999999996,failed_invalid_card,2026-03-12 22:18:33
111689,111689,UPI,9764.28,failed_insufficient_funds,2026-03-12 02:19:48
111690,111690,Net Banking,9136.900000000001,failed_invalid_card,2026-03-12 00:16:20
111691,111691,Credit Card,6533.88,success,2026-03-12 21:04:32
111692,111692,UPI,16289.24,failed_insufficient_funds,2026-03-12 01:59:46
111693,111693,Wallet,2396.6,failed_invalid_card,2026-03-12 09:25:32
111694,111694,Wallet,22147.95,failed_insufficient_funds,2026-03-12 08:31:05
111695,111695,Credit Card,35360.0,failed_insufficient_funds,2026-03-12 11:22:18
111696,111696,Credit Card,0.0,failed_invalid_card,2026-03-12 13:56:28
111697,111697,Debit Card,6820.68,success,2026-03-12 06:49:32
111698,111698,Net Banking,28612.22,failed_invalid_card,2026-03-12 01:45:35
111699,111699,Credit Card,22550.64,failed_invalid_card,2026-03-12 14:18:30
111700,111700,Credit Card,7535.280000000001,failed_insufficient_funds,2026-03-12 09:20:59
111701,111701,UPI,5066.68,failed_network_error,2026-03-12 03:25:07
111702,111702,Net Banking,25901.73,failed_network_error,2026-03-12 03:23:17
111703,111703,Net Banking,34855.100000000006,success,2026-03-12 21:50:08
111704,111704,UPI,6681.99,failed_network_error,2026-03-12 05:20:59
111705,111705,Credit Card,13445.6,success,2026-03-12 10:12:49
111706,111706,UPI,41447.52,failed_network_error,2026-03-12 07:49:40
111707,111707,Credit Card,14495.08,failed_network_error,2026-03-12 14:17:44
111708,111708,Debit Card,28964.699999999997,failed_network_error,2026-03-12 06:41:07
111709,111709,Credit Card,4499.03,failed_invalid_card,2026-03-12 22:24:08
111710,111710,Debit Card,0.0,failed_insufficient_funds,2026-03-12 17:33:05
111711,111711,Credit Card,3996.18,success,2026-03-12 03:01:32
111712,111712,Wallet,10491.36,failed_insufficient_funds,2026-03-12 20:44:01
111713,111713,Net Banking,18485.050000000003,failed_invalid_card,2026-03-12 13:54:03
111714,111714,UPI,10467.92,failed_insufficient_funds,2026-03-12 06:39:16
111715,111715,Wallet,21810.9,failed_network_error,2026-03-12 09:08:05
111716,111716,Credit Card,31703.04,failed_network_error,2026-03-12 18:28:31
111717,111717,Credit Card,3556.47,success,2026-03-12 19:48:36
111718,111718,UPI,28855.52,success,2026-03-12 02:26:01
111719,111719,UPI,25140.899999999998,success,2026-03-12 18:19:23
111720,111720,UPI,36033.36,success,2026-03-12 15:19:00
111721,111721,Wallet,18946.75,failed_network_error,2026-03-12 17:09:31
111722,111722,Net Banking,18114.96,failed_network_error,2026-03-12 23:30:07
111723,111723,UPI,9883.62,success,2026-03-12 15:37:41
111724,111724,Credit Card,36526.409999999996,failed_network_error,2026-03-12 13:36:37
111725,111725,Debit Card,688.09,failed_insufficient_funds,2026-03-12 14:51:24
111726,111726,UPI,18620.4,failed_network_error,2026-03-12 16:31:04
111727,111727,UPI,20478.420000000002,failed_network_error,2026-03-12 13:17:55
111728,111728,Credit Card,10130.36,failed_network_error,2026-03-12 09:41:24
111729,111729,UPI,33114.869999999995,failed_network_error,2026-03-12 15:33:49
111730,111730,Credit Card,8098.11,failed_insufficient_funds,2026-03-12 11:59:49
111731,111731,Credit Card,25432.68,success,2026-03-12 22:28:10
111732,111732,Credit Card,10775.4,failed_invalid_card,2026-03-12 04:33:05
111733,111733,UPI,23822.95,success,2026-03-12 01:07:21
111734,111734,Credit Card,0.0,failed_insufficient_funds,2026-03-12 05:42:20
111735,111735,UPI,10543.6,failed_insufficient_funds,2026-03-12 17:00:09
111736,111736,Credit Card,1192.96,success,2026-03-12 01:56:16
111737,111737,Credit Card,7920.63,success,2026-03-12 15:58:17
111738,111738,Wallet,32759.510000000002,success,2026-03-12 22:15:44
111739,111739,Net Banking,0.0,failed_invalid_card,2026-03-12 21:03:09
111740,111740,Net Banking,3176.01,failed_network_error,2026-03-12 21:37:26
111741,111741,Credit Card,14139.51,failed_network_error,2026-03-12 22:52:18
111742,111742,Credit Card,2122.94,failed_network_error,2026-03-12 14:06:54
111743,111743,Debit Card,49487.799999999996,success,2026-03-12 07:30:10
111744,111744,Credit Card,13442.9,failed_insufficient_funds,2026-03-12 19:28:37
111745,111745,UPI,7762.16,failed_invalid_card,2026-03-12 21:42:57
111746,111746,Net Banking,71.76,success,2026-03-12 23:13:31
111747,111747,Credit Card,4830.7,failed_network_error,2026-03-12 19:05:05
111748,111748,UPI,9756.599999999999,failed_invalid_card,2026-03-12 22:26:05
111749,111749,UPI,25349.100000000002,success,2026-03-12 02:20:45
111750,111750,Credit Card,838.83,failed_network_error,2026-03-12 08:07:38
111751,111751,Wallet,0.0,success,2026-03-12 05:11:57
111752,111752,Net Banking,6606.88,failed_network_error,2026-03-12 17:42:17
111753,111753,UPI,32338.4,failed_insufficient_funds,2026-03-12 03:17:05
111754,111754,Debit Card,3675.09,failed_insufficient_funds,2026-03-12 23:30:02
111755,111755,Net Banking,3286.54,success,2026-03-12 20:25:59
111756,111756,Net Banking,7033.65,failed_network_error,2026-03-12 07:48:30
111757,111757,Debit Card,7331.48,failed_network_error,2026-03-12 17:24:45
111758,111758,Wallet,0.0,failed_network_error,2026-03-12 08:22:53
111759,111759,Debit Card,0.0,failed_invalid_card,2026-03-12 12:59:44
111760,111760,Credit Card,5728.14,failed_network_error,2026-03-12 09:49:50
111761,111761,UPI,0.0,success,2026-03-12 09:21:53
111762,111762,Debit Card,25029.83,failed_invalid_card,2026-03-12 01:50:46
111763,111763,Debit Card,11600.91,failed_insufficient_funds,2026-03-12 02:51:13
111764,111764,Wallet,20638.899999999998,failed_insufficient_funds,2026-03-12 02:38:39
111765,111765,UPI,7134.93,success,2026-03-12 02:52:31
111766,111766,Wallet,454.89,success,2026-03-12 19:44:07
111767,111767,Net Banking,3950.0299999999997,failed_invalid_card,2026-03-12 19:22:47
111768,111768,Debit Card,0.0,failed_network_error,2026-03-12 14:14:39
111769,111769,Wallet,26384.88,failed_invalid_card,2026-03-12 21:37:11
111770,111770,Debit Card,6844.89,failed_invalid_card,2026-03-12 18:01:59
111771,111771,Wallet,12397.4,failed_invalid_card,2026-03-12 11:54:35
111772,111772,UPI,11172.05,failed_invalid_card,2026-03-12 23:50:09
111773,111773,Net Banking,1705.92,failed_invalid_card,2026-03-12 02:08:19
111774,111774,Wallet,1915.32,failed_invalid_card,2026-03-12 03:04:22
111775,111775,UPI,15306.39,failed_network_error,2026-03-12 09:29:55
111776,111776,Wallet,3516.66,failed_network_error,2026-03-12 03:05:51
111777,111777,Debit Card,39207.0,failed_insufficient_funds,2026-03-12 11:14:33
111778,111778,Debit Card,11980.98,failed_insufficient_funds,2026-03-12 02:25:33
111779,111779,Credit Card,6558.33,failed_insufficient_funds,2026-03-12 13:52:16
111780,111780,Debit Card,8746.94,failed_invalid_card,2026-03-12 06:49:03
111781,111781,Debit Card,2342.44,failed_insufficient_funds,2026-03-12 12:36:19
111782,111782,UPI,3078.84,failed_network_error,2026-03-12 16:12:48
111783,111783,UPI,10828.83,failed_network_error,2026-03-12 04:07:57
111784,111784,Wallet,9932.96,failed_invalid_card,2026-03-12 01:49:13
111785,111785,Debit Card,0.0,failed_insufficient_funds,2026-03-12 10:49:35
111786,111786,UPI,3770.62,failed_insufficient_funds,2026-03-12 09:05:44
111787,111787,Credit Card,6259.75,failed_insufficient_funds,2026-03-12 12:05:51
111788,111788,Wallet,3600.0,failed_insufficient_funds,2026-03-12 18:54:16
111789,111789,Credit Card,9102.04,failed_invalid_card,2026-03-12 12:52:00
111790,111790,Debit Card,25366.86,failed_network_error,2026-03-12 04:18:43
111791,111791,Debit Card,3537.85,failed_insufficient_funds,2026-03-12 16:13:40
111792,111792,Wallet,10906.900000000001,failed_network_error,2026-03-12 09:47:13
111793,111793,Debit Card,4194.56,failed_insufficient_funds,2026-03-12 16:19:44
111794,111794,UPI,5551.6,failed_network_error,2026-03-12 01:36:19
111795,111795,Net Banking,4238.16,failed_insufficient_funds,2026-03-12 06:31:30
111796,111796,Debit Card,4687.39,failed_network_error,2026-03-12 03:17:37
111797,111797,Net Banking,12370.800000000001,failed_insufficient_funds,2026-03-12 22:35:02
111798,111798,Wallet,2738.8,failed_insufficient_funds,2026-03-12 22:51:33
111799,111799,Net Banking,28484.699999999997,success,2026-03-12 06:06:13
111800,111800,UPI,10910.9,failed_insufficient_funds,2026-03-12 00:13:04
111801,111801,UPI,11531.66,success,2026-03-12 09:25:31
111802,111802,Net Banking,7062.26,failed_insufficient_funds,2026-03-12 18:48:42
111803,111803,UPI,22351.36,failed_invalid_card,2026-03-12 15:02:55
111804,111804,Net Banking,17252.5,failed_invalid_card,2026-03-12 05:20:55
111805,111805,Debit Card,2661.2,failed_invalid_card,2026-03-12 02:03:08
111806,111806,Debit Card,0.0,failed_insufficient_funds,2026-03-12 11:00:48
111807,111807,Wallet,7851.199999999999,failed_insufficient_funds,2026-03-12 07:59:44
111808,111808,Debit Card,6714.63,failed_insufficient_funds,2026-03-12 05:22:34
111809,111809,Net Banking,1343.44,failed_insufficient_funds,2026-03-12 21:30:22
111810,111810,Net Banking,14713.56,success,2026-03-12 13:12:55
111811,111811,Credit Card,18305.3,failed_invalid_card,2026-03-12 10:56:52
111812,111812,Credit Card,21369.76,failed_network_error,2026-03-12 07:05:45
111813,111813,Debit Card,19582.829999999998,failed_invalid_card,2026-03-12 11:28:56
111814,111814,UPI,1599.03,failed_insufficient_funds,2026-03-12 19:58:23
111815,111815,UPI,6192.18,failed_insufficient_funds,2026-03-12 20:43:44
111816,111816,Debit Card,25397.68,failed_insufficient_funds,2026-03-12 14:44:02
111817,111817,Debit Card,14398.68,success,2026-03-12 16:33:01
111818,111818,Wallet,4307.87,success,2026-03-12 03:30:47
111819,111819,Net Banking,15190.5,failed_network_error,2026-03-12 17:35:25
111820,111820,UPI,556.64,success,2026-03-12 11:42:13
111821,111821,Wallet,47267.700000000004,failed_insufficient_funds,2026-03-12 10:11:39
111822,111822,Debit Card,36426.42,failed_insufficient_funds,2026-03-12 05:34:35
111823,111823,Net Banking,16503.25,failed_insufficient_funds,2026-03-12 02:27:20
111824,111824,Net Banking,3667.16,failed_network_error,2026-03-12 11:14:52
111825,111825,Wallet,29861.6,failed_invalid_card,2026-03-12 07:34:27
111826,111826,Credit Card,17596.55,failed_insufficient_funds,2026-03-12 04:21:45
111827,111827,Debit Card,20994.48,failed_network_error,2026-03-12 13:24:49
111828,111828,Credit Card,18762.84,failed_network_error,2026-03-12 05:35:21
111829,111829,Debit Card,7152.9,failed_network_error,2026-03-12 00:37:57
111830,111830,Wallet,19058.24,failed_network_error,2026-03-12 12:24:19
111831,111831,UPI,1564.44,success,2026-03-12 02:44:37
111832,111832,UPI,39195.04,failed_network_error,2026-03-12 07:28:59
111833,111833,Net Banking,0.0,failed_invalid_card,2026-03-12 23:06:12
111834,111834,Wallet,16781.4,failed_invalid_card,2026-03-12 23:50:25
111835,111835,Net Banking,7249.26,failed_insufficient_funds,2026-03-12 08:28:27
111836,111836,Wallet,8725.88,failed_invalid_card,2026-03-12 07:34:32
111837,111837,Credit Card,19228.88,success,2026-03-12 10:46:26
111838,111838,Debit Card,2226.27,failed_network_error,2026-03-12 16:41:13
111839,111839,Credit Card,27108.42,failed_network_error,2026-03-12 12:15:42
111840,111840,UPI,47912.299999999996,success,2026-03-12 02:18:19
111841,111841,Debit Card,8856.08,failed_insufficient_funds,2026-03-12 13:22:40
111842,111842,UPI,1810.88,failed_invalid_card,2026-03-12 21:13:02
111843,111843,Credit Card,0.0,failed_insufficient_funds,2026-03-12 09:32:51
111844,111844,Debit Card,12720.12,failed_invalid_card,2026-03-12 15:06:10
111845,111845,Credit Card,502.11,failed_insufficient_funds,2026-03-12 05:46:24
111846,111846,Debit Card,19982.64,failed_insufficient_funds,2026-03-12 08:36:06
111847,111847,Debit Card,37881.52,success,2026-03-12 03:28:43
111848,111848,UPI,14107.71,success,2026-03-12 07:50:05
111849,111849,Credit Card,8008.0,failed_insufficient_funds,2026-03-12 03:15:12
111850,111850,Wallet,21660.4,failed_network_error,2026-03-12 06:54:51
111851,111851,Net Banking,2045.09,failed_invalid_card,2026-03-12 02:18:23
111852,111852,UPI,3854.37,failed_network_error,2026-03-12 22:12:03
111853,111853,Net Banking,2259.15,failed_invalid_card,2026-03-12 14:22:02
111854,111854,Credit Card,4809.36,failed_invalid_card,2026-03-12 11:41:55
111855,111855,UPI,3690.4500000000003,failed_invalid_card,2026-03-12 10:51:20
111856,111856,UPI,7973.700000000001,failed_network_error,2026-03-12 19:54:11
111857,111857,Credit Card,29482.0,failed_insufficient_funds,2026-03-12 11:12:29
111858,111858,UPI,17759.16,failed_network_error,2026-03-12 11:27:24
111859,111859,Debit Card,16018.64,failed_invalid_card,2026-03-12 23:27:14
111860,111860,UPI,0.0,failed_insufficient_funds,2026-03-12 15:17:13
111861,111861,Wallet,15075.72,success,2026-03-12 18:37:52
111862,111862,UPI,3055.2,failed_network_error,2026-03-12 07:04:02
111863,111863,Debit Card,39767.0,failed_network_error,2026-03-12 11:01:43
111864,111864,UPI,23378.53,failed_invalid_card,2026-03-12 21:44:21
111865,111865,Credit Card,1947.3600000000001,failed_network_error,2026-03-12 09:48:18
111866,111866,Debit Card,32292.47,failed_insufficient_funds,2026-03-12 18:59:21
111867,111867,Net Banking,24764.699999999997,failed_insufficient_funds,2026-03-12 04:30:11
111868,111868,UPI,9856.5,failed_network_error,2026-03-12 12:59:40
111869,111869,Debit Card,22208.579999999998,failed_insufficient_funds,2026-03-12 12:51:28
111870,111870,Credit Card,16131.24,failed_network_error,2026-03-12 07:10:07
111871,111871,Wallet,38642.94,failed_invalid_card,2026-03-12 11:13:27
111872,111872,Net Banking,25457.9,success,2026-03-12 06:05:40
111873,111873,Credit Card,2816.06,failed_invalid_card,2026-03-12 06:38:36
111874,111874,Net Banking,0.0,success,2026-03-12 03:54:00
111875,111875,Net Banking,6705.7,failed_insufficient_funds,2026-03-12 06:20:06
111876,111876,Wallet,0.0,failed_insufficient_funds,2026-03-12 19:20:58
111877,111877,UPI,11126.45,failed_invalid_card,2026-03-12 17:43:58
111878,111878,UPI,17444.56,failed_network_error,2026-03-12 13:34:53
111879,111879,Wallet,4968.4,failed_invalid_card,2026-03-12 05:13:10
111880,111880,Debit Card,3154.35,success,2026-03-12 05:48:51
111881,111881,UPI,7240.14,failed_insufficient_funds,2026-03-12 09:07:40
111882,111882,Debit Card,0.0,success,2026-03-12 16:16:13
111883,111883,Net Banking,2326.56,failed_network_error,2026-03-12 00:56:37
111884,111884,Net Banking,0.0,failed_invalid_card,2026-03-12 21:35:31
111885,111885,UPI,1585.12,success,2026-03-12 02:34:14
111886,111886,Debit Card,9653.62,success,2026-03-12 13:10:52
111887,111887,Net Banking,9343.14,failed_insufficient_funds,2026-03-12 05:04:41
111888,111888,UPI,1713.58,success,2026-03-12 15:01:45
111889,111889,UPI,14553.0,failed_invalid_card,2026-03-12 21:34:38
111890,111890,Debit Card,0.0,failed_invalid_card,2026-03-12 20:38:22
111891,111891,Credit Card,11647.89,failed_invalid_card,2026-03-12 12:29:04
111892,111892,Debit Card,5801.44,failed_invalid_card,2026-03-12 08:28:58
111893,111893,Net Banking,31535.84,failed_invalid_card,2026-03-12 05:37:09
111894,111894,Wallet,3799.45,failed_network_error,2026-03-12 17:21:27
111895,111895,Debit Card,26947.800000000003,failed_invalid_card,2026-03-12 01:41:25
111896,111896,UPI,15837.149999999998,success,2026-03-12 10:12:45
111897,111897,Net Banking,4818.91,success,2026-03-12 11:21:22
111898,111898,Net Banking,3258.8,failed_insufficient_funds,2026-03-12 21:06:29
111899,111899,Debit Card,1369.26,failed_invalid_card,2026-03-12 21:36:03
111900,111900,Debit Card,12316.68,failed_invalid_card,2026-03-12 03:10:08
111901,111901,Wallet,381.04,failed_invalid_card,2026-03-12 18:46:52
111902,111902,Credit Card,33468.16,success,2026-03-12 13:33:17
111903,111903,UPI,9111.18,failed_invalid_card,2026-03-12 12:06:28
111904,111904,UPI,4158.6900000000005,success,2026-03-12 22:27:59
111905,111905,UPI,3009.09,success,2026-03-12 11:55:19
111906,111906,Net Banking,0.0,failed_network_error,2026-03-12 00:04:34
111907,111907,Wallet,25391.52,failed_invalid_card,2026-03-12 22:41:37
111908,111908,Net Banking,4737.28,failed_insufficient_funds,2026-03-12 10:10:58
111909,111909,Credit Card,1511.02,success,2026-03-12 13:07:01
111910,111910,Wallet,29200.72,failed_network_error,2026-03-12 12:18:20
111911,111911,Debit Card,2567.86,success,2026-03-12 18:01:48
111912,111912,Wallet,4698.07,success,2026-03-12 11:57:48
111913,111913,UPI,16067.84,failed_network_error,2026-03-12 14:08:54
111914,111914,UPI,19752.4,failed_invalid_card,2026-03-12 04:40:20
111915,111915,Net Banking,19988.710000000003,failed_invalid_card,2026-03-12 02:03:31
111916,111916,Credit Card,26455.45,failed_insufficient_funds,2026-03-12 15:26:06
111917,111917,UPI,2891.43,failed_invalid_card,2026-03-12 09:29:08
111918,111918,Debit Card,3954.06,failed_invalid_card,2026-03-12 19:48:19
111919,111919,Net Banking,6040.74,failed_insufficient_funds,2026-03-12 05:22:28
111920,111920,Debit Card,7195.88,success,2026-03-12 10:14:47
111921,111921,Net Banking,0.0,success,2026-03-12 05:25:40
111922,111922,Wallet,4821.88,failed_insufficient_funds,2026-03-12 14:39:35
111923,111923,Net Banking,41635.26,success,2026-03-12 20:36:14
111924,111924,Net Banking,17527.440000000002,success,2026-03-12 15:17:26
111925,111925,Debit Card,3667.0499999999997,failed_network_error,2026-03-12 02:05:17
111926,111926,UPI,49802.1,failed_invalid_card,2026-03-12 14:07:18
111927,111927,Credit Card,40934.7,success,2026-03-12 21:06:44
111928,111928,UPI,36243.18,failed_insufficient_funds,2026-03-12 23:01:50
111929,111929,Debit Card,25524.940000000002,failed_insufficient_funds,2026-03-12 10:32:28
111930,111930,Net Banking,19808.82,failed_invalid_card,2026-03-12 13:29:06
111931,111931,Net Banking,7053.63,failed_insufficient_funds,2026-03-12 05:54:50
111932,111932,Net Banking,4584.96,failed_insufficient_funds,2026-03-12 13:45:00
111933,111933,UPI,2340.7799999999997,failed_invalid_card,2026-03-12 19:40:41
111934,111934,Credit Card,39680.100000000006,failed_network_error,2026-03-12 11:55:00
111935,111935,Credit Card,3076.0,failed_invalid_card,2026-03-12 23:49:40
111936,111936,Wallet,42525.36,success,2026-03-12 12:39:35
111937,111937,UPI,14498.76,failed_insufficient_funds,2026-03-12 12:05:53
111938,111938,UPI,3348.4,failed_insufficient_funds,2026-03-12 11:34:54
111939,111939,Credit Card,5924.48,failed_network_error,2026-03-12 22:15:19
111940,111940,Wallet,19677.4,success,2026-03-12 07:37:50
111941,111941,Net Banking,19389.92,failed_network_error,2026-03-12 11:21:39
111942,111942,UPI,9048.18,failed_invalid_card,2026-03-12 19:07:09
111943,111943,Wallet,27634.809999999998,failed_network_error,2026-03-12 17:25:05
111944,111944,Credit Card,0.0,success,2026-03-12 06:05:16
111945,111945,Wallet,9243.0,failed_network_error,2026-03-12 02:38:13
111946,111946,Credit Card,41288.04,success,2026-03-12 12:00:57
111947,111947,Credit Card,10616.08,failed_insufficient_funds,2026-03-12 14:17:47
111948,111948,Debit Card,0.0,failed_insufficient_funds,2026-03-12 23:59:35
111949,111949,Credit Card,1911.3000000000002,failed_invalid_card,2026-03-12 20:15:01
111950,111950,Credit Card,13876.380000000001,failed_network_error,2026-03-12 08:36:27
111951,111951,UPI,13640.32,success,2026-03-12 03:42:29
111952,111952,UPI,1109.1,failed_invalid_card,2026-03-12 10:36:26
111953,111953,Net Banking,4822.4400000000005,success,2026-03-12 10:59:38
111954,111954,Debit Card,32287.29,failed_insufficient_funds,2026-03-12 21:19:40
111955,111955,Net Banking,1707.3500000000001,failed_insufficient_funds,2026-03-12 07:44:43
111956,111956,Debit Card,7598.8,success,2026-03-12 17:19:02
111957,111957,UPI,26446.6,failed_invalid_card,2026-03-12 02:28:16
111958,111958,Wallet,31232.04,failed_insufficient_funds,2026-03-12 06:36:04
111959,111959,Credit Card,22853.95,failed_insufficient_funds,2026-03-12 09:13:30
111960,111960,Credit Card,23537.149999999998,failed_insufficient_funds,2026-03-12 10:45:35
111961,111961,Net Banking,41007.299999999996,failed_network_error,2026-03-12 10:48:44
111962,111962,Net Banking,28567.53,failed_insufficient_funds,2026-03-12 18:34:53
111963,111963,Debit Card,4693.14,failed_network_error,2026-03-12 06:47:53
111964,111964,Debit Card,22003.38,failed_insufficient_funds,2026-03-12 15:00:33
111965,111965,Net Banking,22581.3,failed_network_error,2026-03-12 16:46:19
111966,111966,Credit Card,664.02,failed_network_error,2026-03-12 12:39:36
111967,111967,Debit Card,26106.88,failed_network_error,2026-03-12 06:29:26
111968,111968,UPI,18921.87,failed_network_error,2026-03-12 15:04:59
111969,111969,Net Banking,3969.34,failed_invalid_card,2026-03-12 21:02:38
111970,111970,Wallet,1652.92,failed_insufficient_funds,2026-03-12 18:47:20
111971,111971,UPI,7207.1,success,2026-03-12 07:40:52
111972,111972,Wallet,37258.88,failed_invalid_card,2026-03-12 08:43:24
111973,111973,UPI,12818.68,failed_network_error,2026-03-12 16:54:34
111974,111974,Credit Card,0.0,success,2026-03-12 17:28:40
111975,111975,Debit Card,1891.38,success,2026-03-12 15:07:21
111976,111976,Credit Card,2302.21,success,2026-03-12 07:41:16
111977,111977,Credit Card,13872.2,success,2026-03-12 03:31:36
111978,111978,Debit Card,17425.170000000002,failed_insufficient_funds,2026-03-12 21:09:01
111979,111979,Debit Card,46662.5,failed_insufficient_funds,2026-03-12 01:02:19
111980,111980,Debit Card,27725.74,failed_invalid_card,2026-03-12 16:01:55
111981,111981,Net Banking,9374.66,failed_insufficient_funds,2026-03-12 06:09:32
111982,111982,Debit Card,35140.0,success,2026-03-12 17:38:21
111983,111983,Wallet,13335.420000000002,failed_network_error,2026-03-12 21:36:58
111984,111984,Credit Card,1906.15,failed_network_error,2026-03-12 02:03:50
111985,111985,Net Banking,29079.63,failed_invalid_card,2026-03-12 14:16:36
111986,111986,UPI,36863.200000000004,success,2026-03-12 23:03:43
111987,111987,UPI,11641.84,failed_insufficient_funds,2026-03-12 01:50:21
111988,111988,Wallet,27110.440000000002,failed_invalid_card,2026-03-12 10:37:27
111989,111989,Credit Card,4045.08,failed_insufficient_funds,2026-03-12 14:51:42
111990,111990,Credit Card,49602.700000000004,failed_network_error,2026-03-12 06:48:25
111991,111991,Wallet,25916.52,failed_insufficient_funds,2026-03-12 17:46:52
111992,111992,UPI,0.0,failed_network_error,2026-03-12 00:34:53
111993,111993,UPI,21164.899999999998,failed_invalid_card,2026-03-12 12:35:30
111994,111994,UPI,29240.28,success,2026-03-12 19:13:27
111995,111995,Credit Card,0.0,failed_insufficient_funds,2026-03-12 11:56:25
111996,111996,UPI,3452.92,failed_insufficient_funds,2026-03-12 01:30:49
111997,111997,Debit Card,40863.7,failed_invalid_card,2026-03-12 02:23:33
111998,111998,UPI,9468.900000000001,failed_network_error,2026-03-12 23:27:52
111999,111999,Wallet,670.14,success,2026-03-12 05:23:56
112000,112000,Wallet,0.0,failed_invalid_card,2026-03-12 07:59:11
112001,112001,Net Banking,3133.08,success,2026-03-12 06:43:30
112002,112002,Net Banking,13462.0,failed_invalid_card,2026-03-12 12:49:00
112003,112003,Net Banking,8714.65,failed_insufficient_funds,2026-03-12 11:48:21
112004,112004,Credit Card,0.0,success,2026-03-12 13:42:10
112005,112005,Net Banking,2286.7200000000003,failed_insufficient_funds,2026-03-12 18:44:28
112006,112006,Wallet,8878.02,failed_network_error,2026-03-12 01:20:32
112007,112007,Debit Card,29042.32,failed_network_error,2026-03-12 05:53:44
112008,112008,Wallet,26889.2,failed_invalid_card,2026-03-12 20:39:17
112009,112009,UPI,1303.52,failed_network_error,2026-03-12 06:24:39
112010,112010,Debit Card,6905.88,success,2026-03-12 04:56:40
112011,112011,Debit Card,1686.42,failed_invalid_card,2026-03-12 22:07:37
112012,112012,UPI,621.9,failed_network_error,2026-03-12 22:29:47
112013,112013,UPI,38184.48,failed_network_error,2026-03-12 20:30:19
112014,112014,UPI,27576.300000000003,success,2026-03-12 10:53:14
112015,112015,Net Banking,1929.41,failed_invalid_card,2026-03-12 12:27:18
112016,112016,Credit Card,3600.19,failed_invalid_card,2026-03-12 14:10:07
112017,112017,Wallet,17472.420000000002,failed_network_error,2026-03-12 09:29:31
112018,112018,Wallet,4960.4,failed_invalid_card,2026-03-12 15:51:11
112019,112019,Net Banking,28368.659999999996,failed_invalid_card,2026-03-12 04:58:29
112020,112020,Net Banking,6837.92,success,2026-03-12 22:49:16
112021,112021,Credit Card,16884.8,failed_invalid_card,2026-03-12 14:04:10
112022,112022,Net Banking,4232.5199999999995,success,2026-03-12 13:15:59
112023,112023,Credit Card,21133.600000000002,failed_invalid_card,2026-03-12 23:59:14
112024,112024,Debit Card,19540.53,success,2026-03-12 09:03:45
112025,112025,UPI,10006.95,failed_network_error,2026-03-12 01:21:30
112026,112026,Wallet,1982.7599999999998,failed_network_error,2026-03-12 19:15:57
112027,112027,Credit Card,11231.57,failed_network_error,2026-03-12 18:26:23
112028,112028,Net Banking,2551.85,failed_network_error,2026-03-12 15:17:37
112029,112029,Wallet,10941.35,success,2026-03-12 08:10:01
112030,112030,Wallet,9865.83,failed_insufficient_funds,2026-03-12 08:19:01
112031,112031,UPI,3146.36,failed_invalid_card,2026-03-12 09:28:16
112032,112032,UPI,844.92,failed_invalid_card,2026-03-12 17:39:56
112033,112033,Net Banking,4209.9,failed_network_error,2026-03-12 02:38:33
112034,112034,Debit Card,13250.88,failed_insufficient_funds,2026-03-12 00:09:27
112035,112035,Wallet,0.0,success,2026-03-12 05:43:24
112036,112036,Net Banking,1819.58,success,2026-03-12 10:22:29
112037,112037,Net Banking,42940.53,success,2026-03-12 02:43:58
112038,112038,Wallet,33870.76,failed_insufficient_funds,2026-03-12 03:17:17
112039,112039,Credit Card,0.0,success,2026-03-12 10:58:21
112040,112040,Net Banking,5245.4,failed_invalid_card,2026-03-12 02:04:20
112041,112041,Wallet,23873.1,failed_network_error,2026-03-12 18:03:57
112042,112042,Net Banking,31043.46,failed_network_error,2026-03-12 15:57:51
112043,112043,Debit Card,0.0,failed_insufficient_funds,2026-03-12 04:29:04
112044,112044,Credit Card,1640.7599999999998,failed_insufficient_funds,2026-03-12 09:29:13
112045,112045,Net Banking,11349.0,failed_network_error,2026-03-12 04:49:33
112046,112046,Credit Card,22369.55,failed_network_error,2026-03-12 22:16:08
112047,112047,Debit Card,12583.269999999999,failed_network_error,2026-03-12 08:49:50
112048,112048,Wallet,1275.48,failed_invalid_card,2026-03-12 16:53:23
112049,112049,Credit Card,18928.399999999998,failed_insufficient_funds,2026-03-12 23:50:52
112050,112050,Wallet,3531.88,failed_invalid_card,2026-03-12 00:40:01
112051,112051,Credit Card,7414.48,failed_invalid_card,2026-03-12 06:00:53
112052,112052,Wallet,14446.14,success,2026-03-12 03:44:59
112053,112053,Debit Card,23019.76,success,2026-03-12 10:24:28
112054,112054,Net Banking,9428.64,failed_invalid_card,2026-03-12 16:55:15
112055,112055,Wallet,5734.92,failed_insufficient_funds,2026-03-12 00:46:42
112056,112056,Net Banking,4806.13,failed_network_error,2026-03-12 18:01:10
112057,112057,UPI,3992.74,failed_insufficient_funds,2026-03-12 04:58:49
112058,112058,Credit Card,12177.970000000001,failed_invalid_card,2026-03-12 09:32:58
112059,112059,Debit Card,6669.84,success,2026-03-12 16:30:49
112060,112060,Credit Card,13838.699999999999,success,2026-03-12 12:37:10
112061,112061,Debit Card,0.0,success,2026-03-12 02:06:16
112062,112062,Credit Card,4296.86,failed_network_error,2026-03-12 09:13:01
112063,112063,UPI,14817.0,failed_invalid_card,2026-03-12 16:46:03
112064,112064,Debit Card,15321.78,failed_network_error,2026-03-12 19:48:32
112065,112065,Credit Card,14666.099999999999,failed_network_error,2026-03-12 13:35:57
112066,112066,Debit Card,8571.69,failed_invalid_card,2026-03-12 21:09:15
112067,112067,Debit Card,43242.299999999996,success,2026-03-12 07:27:42
112068,112068,Debit Card,19833.16,failed_invalid_card,2026-03-12 19:01:54
112069,112069,Debit Card,23909.6,failed_network_error,2026-03-12 17:49:34
112070,112070,Net Banking,13485.75,failed_insufficient_funds,2026-03-12 04:22:33
112071,112071,Credit Card,4395.43,success,2026-03-12 20:17:37
112072,112072,Wallet,476.8,success,2026-03-12 02:40:38
112073,112073,Net Banking,711.09,failed_insufficient_funds,2026-03-12 04:48:00
112074,112074,Debit Card,5345.92,success,2026-03-12 09:51:27
112075,112075,UPI,9728.9,failed_invalid_card,2026-03-12 16:21:06
112076,112076,Wallet,925.6,failed_insufficient_funds,2026-03-12 20:39:57
112077,112077,Credit Card,9908.36,success,2026-03-12 13:21:03
112078,112078,Credit Card,451.42999999999995,failed_insufficient_funds,2026-03-12 00:06:39
112079,112079,UPI,0.0,success,2026-03-12 08:53:53
112080,112080,UPI,10682.56,failed_insufficient_funds,2026-03-12 17:29:54
112081,112081,Net Banking,15243.550000000001,failed_invalid_card,2026-03-12 09:54:56
112082,112082,Credit Card,15273.6,failed_network_error,2026-03-12 03:15:17
112083,112083,Debit Card,42802.74,failed_invalid_card,2026-03-12 04:19:55
112084,112084,Credit Card,593.17,success,2026-03-12 20:13:16
112085,112085,Credit Card,132.76,failed_insufficient_funds,2026-03-12 20:51:35
112086,112086,UPI,20229.100000000002,failed_insufficient_funds,2026-03-12 09:06:23
112087,112087,Net Banking,12621.0,failed_network_error,2026-03-12 06:49:25
112088,112088,Wallet,25160.100000000002,failed_insufficient_funds,2026-03-12 05:45:36
112089,112089,Debit Card,0.0,failed_network_error,2026-03-12 13:09:31
112090,112090,Wallet,3210.18,failed_invalid_card,2026-03-12 15:43:37
112091,112091,Credit Card,0.0,failed_insufficient_funds,2026-03-12 18:03:56
112092,112092,Credit Card,15016.5,failed_invalid_card,2026-03-12 17:49:07
112093,112093,Credit Card,21410.73,failed_invalid_card,2026-03-12 08:44:44
112094,112094,Wallet,12455.310000000001,success,2026-03-12 10:24:38
112095,112095,Debit Card,0.0,failed_network_error,2026-03-12 18:00:15
112096,112096,Credit Card,7918.950000000001,failed_invalid_card,2026-03-12 14:51:44
112097,112097,Wallet,2490.84,failed_network_error,2026-03-12 07:51:39
112098,112098,Debit Card,1880.3,failed_invalid_card,2026-03-12 17:24:01
112099,112099,Net Banking,4843.33,failed_insufficient_funds,2026-03-12 18:47:48
112100,112100,UPI,1155.78,failed_invalid_card,2026-03-12 13:59:09
112101,112101,Credit Card,14401.32,failed_insufficient_funds,2026-03-12 09:04:30
112102,112102,Credit Card,2157.6000000000004,success,2026-03-12 04:24:43
112103,112103,UPI,4444.92,failed_invalid_card,2026-03-12 01:31:46
112104,112104,Wallet,16509.76,failed_insufficient_funds,2026-03-12 17:52:54
112105,112105,Debit Card,4999.57,failed_invalid_card,2026-03-12 14:05:11
112106,112106,Wallet,19886.15,failed_invalid_card,2026-03-12 13:25:25
112107,112107,Wallet,28585.48,failed_insufficient_funds,2026-03-12 18:10:26
112108,112108,Debit Card,9784.26,failed_network_error,2026-03-12 22:23:09
112109,112109,Wallet,10217.76,failed_invalid_card,2026-03-12 06:32:26
112110,112110,Credit Card,33237.0,failed_insufficient_funds,2026-03-12 03:54:25
112111,112111,UPI,24780.9,failed_network_error,2026-03-12 12:25:57
112112,112112,Debit Card,14859.740000000002,failed_insufficient_funds,2026-03-12 08:21:48
112113,112113,Credit Card,13882.29,failed_insufficient_funds,2026-03-12 20:44:38
112114,112114,Wallet,6035.07,failed_network_error,2026-03-12 06:49:18
112115,112115,Wallet,8706.52,success,2026-03-12 21:28:00
112116,112116,Credit Card,10762.02,success,2026-03-12 17:38:13
112117,112117,Debit Card,29432.0,failed_network_error,2026-03-12 14:56:41
112118,112118,Debit Card,20128.85,failed_insufficient_funds,2026-03-12 20:18:23
112119,112119,Net Banking,8565.08,failed_network_error,2026-03-12 08:19:52
112120,112120,Credit Card,7077.900000000001,failed_network_error,2026-03-12 19:54:16
112121,112121,Wallet,13527.21,success,2026-03-12 02:51:20
112122,112122,Wallet,832.69,success,2026-03-12 23:19:58
112123,112123,Credit Card,555.9,failed_invalid_card,2026-03-12 07:12:31
112124,112124,Net Banking,0.0,failed_invalid_card,2026-03-12 09:00:42
112125,112125,UPI,0.0,failed_invalid_card,2026-03-12 16:51:03
112126,112126,Wallet,33561.52,failed_invalid_card,2026-03-12 08:55:39
112127,112127,Wallet,14523.72,failed_network_error,2026-03-12 23:44:59
112128,112128,Debit Card,8412.119999999999,failed_network_error,2026-03-12 14:38:21
112129,112129,UPI,2396.2,success,2026-03-12 12:41:48
112130,112130,UPI,10303.35,failed_network_error,2026-03-12 17:50:56
112131,112131,Credit Card,1137.72,failed_network_error,2026-03-12 05:34:07
112132,112132,Debit Card,6054.92,failed_insufficient_funds,2026-03-12 14:04:31
112133,112133,UPI,23271.399999999998,failed_insufficient_funds,2026-03-12 13:58:31
112134,112134,Debit Card,34165.6,failed_invalid_card,2026-03-12 15:21:37
112135,112135,Net Banking,8746.78,success,2026-03-12 11:22:18
112136,112136,UPI,20951.82,failed_insufficient_funds,2026-03-12 21:11:03
112137,112137,Wallet,12079.98,failed_network_error,2026-03-12 22:25:03
112138,112138,Credit Card,26389.379999999997,success,2026-03-12 05:25:08
112139,112139,Wallet,34210.53,failed_network_error,2026-03-12 10:43:50
112140,112140,Credit Card,0.0,success,2026-03-12 06:31:59
112141,112141,Credit Card,30554.64,failed_insufficient_funds,2026-03-12 22:11:23
112142,112142,Net Banking,19822.8,success,2026-03-12 23:32:41
112143,112143,Net Banking,27484.920000000002,failed_network_error,2026-03-12 07:43:14
112144,112144,UPI,18498.36,failed_insufficient_funds,2026-03-12 14:26:35
112145,112145,Credit Card,14634.199999999999,failed_invalid_card,2026-03-12 19:38:26
112146,112146,Credit Card,1079.48,failed_insufficient_funds,2026-03-12 19:13:14
112147,112147,Debit Card,4669.14,failed_invalid_card,2026-03-12 18:38:21
112148,112148,Credit Card,28635.39,failed_invalid_card,2026-03-12 10:08:46
112149,112149,UPI,1324.77,failed_network_error,2026-03-12 21:56:57
112150,112150,Debit Card,655.07,failed_insufficient_funds,2026-03-12 15:23:08
112151,112151,Debit Card,22474.48,failed_insufficient_funds,2026-03-12 11:03:34
112152,112152,Debit Card,36399.8,failed_insufficient_funds,2026-03-12 17:48:52
112153,112153,Debit Card,8286.66,failed_invalid_card,2026-03-12 21:07:17
112154,112154,Wallet,12968.08,success,2026-03-12 11:57:13
112155,112155,Net Banking,16674.3,failed_insufficient_funds,2026-03-12 21:04:08
112156,112156,Debit Card,0.0,failed_insufficient_funds,2026-03-12 06:35:47
112157,112157,Credit Card,14498.32,failed_network_error,2026-03-12 02:29:17
112158,112158,Wallet,3027.0,failed_network_error,2026-03-12 08:12:36
112159,112159,Debit Card,0.0,success,2026-03-12 05:16:08
112160,112160,Wallet,9745.18,failed_network_error,2026-03-12 14:30:28
112161,112161,UPI,3658.44,success,2026-03-12 13:34:25
112162,112162,Credit Card,29817.45,failed_insufficient_funds,2026-03-12 03:48:41
112163,112163,UPI,34470.54,failed_invalid_card,2026-03-12 21:18:34
112164,112164,Debit Card,10987.53,failed_insufficient_funds,2026-03-12 10:58:10
112165,112165,Wallet,0.0,failed_invalid_card,2026-03-12 00:57:04
112166,112166,Wallet,17542.1,failed_insufficient_funds,2026-03-12 00:09:36
112167,112167,Net Banking,31.14,failed_network_error,2026-03-12 18:54:44
112168,112168,UPI,30230.5,failed_insufficient_funds,2026-03-12 16:51:17
112169,112169,Credit Card,7219.4,failed_insufficient_funds,2026-03-12 07:15:54
112170,112170,Credit Card,31922.0,failed_invalid_card,2026-03-12 15:11:53
112171,112171,Credit Card,5367.35,success,2026-03-12 22:14:17
112172,112172,Credit Card,13880.939999999999,failed_network_error,2026-03-12 07:36:40
112173,112173,Wallet,24350.300000000003,failed_network_error,2026-03-12 04:41:40
112174,112174,Wallet,24333.75,failed_network_error,2026-03-12 00:12:41
112175,112175,Net Banking,7366.36,failed_invalid_card,2026-03-12 08:59:56
112176,112176,Debit Card,37374.4,failed_invalid_card,2026-03-12 22:03:02
112177,112177,UPI,15386.699999999999,failed_network_error,2026-03-12 20:24:28
112178,112178,UPI,9569.94,success,2026-03-12 00:58:17
112179,112179,Debit Card,5742.54,failed_invalid_card,2026-03-12 09:49:39
112180,112180,Credit Card,1120.11,failed_insufficient_funds,2026-03-12 12:40:05
112181,112181,Debit Card,614.25,failed_network_error,2026-03-12 12:37:19
112182,112182,Credit Card,2284.8500000000004,failed_invalid_card,2026-03-12 16:56:35
112183,112183,UPI,30111.97,failed_invalid_card,2026-03-12 08:52:38
112184,112184,Net Banking,635.18,success,2026-03-12 06:00:39
112185,112185,Credit Card,4553.0,failed_insufficient_funds,2026-03-12 18:02:51
112186,112186,Net Banking,5372.700000000001,failed_invalid_card,2026-03-12 13:07:50
112187,112187,Credit Card,11061.099999999999,failed_insufficient_funds,2026-03-12 06:11:02
112188,112188,Net Banking,39565.100000000006,failed_network_error,2026-03-12 12:42:01
112189,112189,Debit Card,2990.44,failed_network_error,2026-03-12 06:12:40
112190,112190,Net Banking,11868.099999999999,failed_network_error,2026-03-12 08:28:57
112191,112191,UPI,9084.869999999999,failed_network_error,2026-03-12 18:42:59
112192,112192,Debit Card,40220.19,success,2026-03-12 05:34:41
112193,112193,UPI,18067.0,failed_invalid_card,2026-03-12 09:16:28
112194,112194,Wallet,2193.16,failed_network_error,2026-03-12 12:01:06
112195,112195,Net Banking,14336.12,success,2026-03-12 15:18:23
112196,112196,Net Banking,46922.799999999996,failed_network_error,2026-03-12 16:27:44
112197,112197,UPI,29752.74,failed_network_error,2026-03-12 03:38:22
112198,112198,Debit Card,2652.0,failed_network_error,2026-03-12 11:05:21
112199,112199,UPI,20483.0,success,2026-03-12 11:28:18
112200,112200,UPI,19940.41,success,2026-03-12 00:29:39
112201,112201,Net Banking,33698.200000000004,failed_insufficient_funds,2026-03-12 14:24:18
112202,112202,Wallet,14171.56,failed_network_error,2026-03-12 07:03:20
112203,112203,Debit Card,0.0,failed_invalid_card,2026-03-12 02:51:26
112204,112204,Net Banking,0.0,failed_network_error,2026-03-12 08:11:09
112205,112205,Wallet,133.72,failed_invalid_card,2026-03-12 13:34:35
112206,112206,Credit Card,32287.0,failed_insufficient_funds,2026-03-12 07:29:23
112207,112207,Credit Card,11709.24,failed_network_error,2026-03-12 08:14:11
112208,112208,Debit Card,37178.48,failed_network_error,2026-03-12 05:24:59
112209,112209,Credit Card,570.04,failed_network_error,2026-03-12 09:16:33
112210,112210,UPI,4913.89,failed_insufficient_funds,2026-03-12 00:24:38
112211,112211,Net Banking,20217.850000000002,success,2026-03-12 12:43:48
112212,112212,Net Banking,24659.0,failed_network_error,2026-03-12 11:41:24
112213,112213,Wallet,7970.96,success,2026-03-12 18:28:05
112214,112214,UPI,13661.550000000001,failed_network_error,2026-03-12 15:07:13
112215,112215,Debit Card,13157.04,failed_invalid_card,2026-03-12 16:12:34
112216,112216,Credit Card,4195.44,failed_insufficient_funds,2026-03-12 06:31:17
112217,112217,Credit Card,188.79,failed_insufficient_funds,2026-03-12 15:20:04
112218,112218,Credit Card,3877.01,success,2026-03-12 10:50:42
112219,112219,Credit Card,2966.28,failed_insufficient_funds,2026-03-12 03:32:10
112220,112220,Net Banking,4070.21,failed_insufficient_funds,2026-03-12 11:00:02
112221,112221,Wallet,21981.26,success,2026-03-12 21:56:02
112222,112222,Credit Card,1742.3,failed_insufficient_funds,2026-03-12 07:47:07
112223,112223,Wallet,25883.340000000004,failed_invalid_card,2026-03-12 10:10:32
112224,112224,UPI,14373.900000000001,failed_insufficient_funds,2026-03-12 09:24:17
112225,112225,UPI,18501.84,failed_network_error,2026-03-12 01:53:15
112226,112226,Debit Card,8285.82,failed_network_error,2026-03-12 13:09:26
112227,112227,Debit Card,4565.2,failed_insufficient_funds,2026-03-12 18:04:25
112228,112228,UPI,35339.4,failed_network_error,2026-03-12 06:04:01
112229,112229,Debit Card,2520.06,failed_network_error,2026-03-12 05:41:38
112230,112230,Wallet,33469.170000000006,success,2026-03-12 09:33:42
112231,112231,UPI,7817.879999999999,failed_invalid_card,2026-03-12 21:13:22
112232,112232,Net Banking,1737.19,failed_insufficient_funds,2026-03-12 19:51:25
112233,112233,Credit Card,12225.4,success,2026-03-12 03:00:38
112234,112234,Debit Card,100.32,failed_network_error,2026-03-12 07:14:42
112235,112235,Wallet,4396.1,failed_network_error,2026-03-12 06:13:53
112236,112236,Debit Card,4536.54,failed_invalid_card,2026-03-12 06:18:14
112237,112237,Debit Card,9681.26,failed_insufficient_funds,2026-03-12 10:13:07
112238,112238,UPI,9321.68,failed_invalid_card,2026-03-12 17:06:27
112239,112239,Net Banking,22232.699999999997,failed_insufficient_funds,2026-03-12 22:59:35
112240,112240,Net Banking,7946.16,success,2026-03-12 01:35:19
112241,112241,UPI,21877.550000000003,failed_insufficient_funds,2026-03-12 13:34:38
112242,112242,Wallet,32862.72,failed_network_error,2026-03-12 18:14:07
112243,112243,Net Banking,23892.33,success,2026-03-12 12:14:54
112244,112244,Credit Card,232.54999999999998,failed_network_error,2026-03-12 17:31:08
112245,112245,Wallet,0.0,success,2026-03-12 00:26:48
112246,112246,Wallet,16458.47,failed_network_error,2026-03-12 13:44:13
112247,112247,Net Banking,5334.299999999999,failed_insufficient_funds,2026-03-12 19:59:36
112248,112248,Credit Card,39546.4,failed_network_error,2026-03-12 16:28:56
112249,112249,Net Banking,24443.82,failed_network_error,2026-03-12 06:21:56
112250,112250,UPI,23842.5,failed_insufficient_funds,2026-03-12 20:51:30
112251,112251,Wallet,18932.7,failed_network_error,2026-03-12 23:24:33
112252,112252,UPI,25658.600000000002,success,2026-03-12 23:46:07
112253,112253,Wallet,35311.590000000004,failed_invalid_card,2026-03-12 07:31:55
112254,112254,Credit Card,1601.32,success,2026-03-12 02:32:01
112255,112255,Debit Card,0.0,failed_invalid_card,2026-03-12 08:52:40
112256,112256,Debit Card,0.0,failed_insufficient_funds,2026-03-12 14:44:24
112257,112257,Net Banking,581.15,failed_network_error,2026-03-12 12:23:49
112258,112258,Credit Card,13836.78,failed_insufficient_funds,2026-03-12 00:48:23
112259,112259,Debit Card,11407.64,failed_insufficient_funds,2026-03-12 13:31:36
112260,112260,UPI,1481.43,failed_insufficient_funds,2026-03-12 12:27:44
112261,112261,Net Banking,37506.96,success,2026-03-12 01:20:02
112262,112262,Debit Card,0.0,failed_invalid_card,2026-03-12 22:20:59
112263,112263,UPI,29241.8,failed_insufficient_funds,2026-03-12 23:06:13
112264,112264,Credit Card,2909.76,failed_insufficient_funds,2026-03-12 23:14:22
112265,112265,UPI,0.0,failed_network_error,2026-03-12 17:48:15
112266,112266,UPI,13928.64,failed_network_error,2026-03-12 00:18:41
112267,112267,UPI,0.0,success,2026-03-12 09:42:04
112268,112268,Debit Card,140.49,success,2026-03-12 19:37:21
112269,112269,Wallet,3095.62,failed_invalid_card,2026-03-12 09:54:07
112270,112270,Wallet,7184.24,success,2026-03-12 18:28:29
112271,112271,Credit Card,7542.44,failed_insufficient_funds,2026-03-12 16:30:38
112272,112272,Credit Card,5469.6900000000005,failed_insufficient_funds,2026-03-12 03:39:30
112273,112273,Wallet,23923.97,failed_insufficient_funds,2026-03-12 04:14:49
112274,112274,Credit Card,37600.4,failed_insufficient_funds,2026-03-12 19:38:39
112275,112275,Wallet,10698.12,failed_invalid_card,2026-03-12 02:17:52
112276,112276,Net Banking,19875.96,failed_invalid_card,2026-03-12 07:30:18
112277,112277,Wallet,23425.92,failed_invalid_card,2026-03-12 20:06:48
112278,112278,Debit Card,11129.52,failed_network_error,2026-03-12 15:34:36
112279,112279,Wallet,0.0,failed_insufficient_funds,2026-03-12 13:55:52
112280,112280,UPI,9982.12,failed_insufficient_funds,2026-03-12 00:33:32
112281,112281,Net Banking,4514.01,failed_network_error,2026-03-12 23:44:35
112282,112282,Wallet,3378.34,failed_network_error,2026-03-12 16:39:50
112283,112283,Net Banking,9248.0,failed_invalid_card,2026-03-12 11:26:35
112284,112284,Wallet,2239.7400000000002,success,2026-03-12 11:48:05
112285,112285,Net Banking,4422.09,failed_network_error,2026-03-12 16:23:46
112286,112286,Net Banking,13195.800000000001,success,2026-03-12 06:55:32
112287,112287,Net Banking,4344.6,failed_invalid_card,2026-03-12 10:59:00
112288,112288,UPI,8672.31,failed_network_error,2026-03-12 10:15:23
112289,112289,Debit Card,28186.8,failed_insufficient_funds,2026-03-12 08:05:41
112290,112290,Wallet,36505.700000000004,failed_network_error,2026-03-12 04:36:20
112291,112291,Credit Card,11607.28,failed_invalid_card,2026-03-12 16:36:12
112292,112292,Net Banking,20368.44,success,2026-03-12 02:05:51
112293,112293,Debit Card,14385.78,failed_insufficient_funds,2026-03-12 10:05:13
112294,112294,Net Banking,22498.7,failed_network_error,2026-03-12 17:45:03
112295,112295,Net Banking,19079.94,failed_insufficient_funds,2026-03-12 09:06:46
112296,112296,Debit Card,11022.84,failed_network_error,2026-03-12 09:16:49
112297,112297,UPI,1352.66,failed_invalid_card,2026-03-12 16:46:03
112298,112298,UPI,7347.299999999999,success,2026-03-12 16:04:01
112299,112299,Wallet,439.12,failed_insufficient_funds,2026-03-12 22:01:59
112300,112300,UPI,4080.7999999999997,failed_invalid_card,2026-03-12 05:05:35
112301,112301,Wallet,29392.08,failed_network_error,2026-03-12 12:41:11
112302,112302,Debit Card,4154.67,failed_insufficient_funds,2026-03-12 10:51:01
112303,112303,Wallet,5127.16,failed_insufficient_funds,2026-03-12 21:30:28
112304,112304,Credit Card,38598.5,failed_network_error,2026-03-12 05:13:41
112305,112305,Net Banking,9129.05,failed_network_error,2026-03-12 00:35:18
112306,112306,UPI,0.0,failed_invalid_card,2026-03-12 07:56:10
112307,112307,Debit Card,256.3,failed_network_error,2026-03-12 14:54:41
112308,112308,Net Banking,19032.58,failed_invalid_card,2026-03-12 11:01:19
112309,112309,Net Banking,3560.14,failed_invalid_card,2026-03-12 16:29:20
112310,112310,Net Banking,20768.4,failed_invalid_card,2026-03-12 16:20:28
112311,112311,Wallet,4276.12,failed_insufficient_funds,2026-03-12 07:52:26
112312,112312,Credit Card,13428.48,failed_insufficient_funds,2026-03-12 13:42:00
112313,112313,Net Banking,6066.0,failed_network_error,2026-03-12 15:25:53
112314,112314,UPI,4609.24,failed_network_error,2026-03-12 03:42:14
112315,112315,Debit Card,3632.03,failed_insufficient_funds,2026-03-12 20:57:26
112316,112316,UPI,13039.52,success,2026-03-12 17:02:03
112317,112317,UPI,15651.28,failed_invalid_card,2026-03-12 10:06:25
112318,112318,Debit Card,6951.0,failed_network_error,2026-03-12 12:56:11
112319,112319,Net Banking,28025.82,success,2026-03-12 11:26:35
112320,112320,Credit Card,2150.0,success,2026-03-12 15:21:32
